event_time,me_active_power
0,5.284
1,5.296
2,5.307
3,5.319
4,5.33
5,5.343
6,5.351
7,5.365
8,5.377
9,5.387
10,5.4
11,5.411
12,5.434
13,5.434
14,5.446
15,5.457
16,5.469
17,5.48
18,5.492
19,5.503
20,5.516
21,5.527
22,5.549
23,5.549
24,5.563
25,5.573
26,5.584
27,5.596
28,5.607
29,5.621
30,5.631
31,5.643
32,5.655
33,5.666
34,5.678
35,5.689
36,5.702
37,5.71
38,5.726
39,5.737
40,5.749
41,5.761
42,5.772
43,5.786
44,5.809
45,5.809
46,5.822
47,5.833
48,5.846
49,5.858
50,5.869
51,5.882
52,5.894
53,5.908
54,5.92
55,5.945
56,5.945
57,5.957
58,5.969
59,5.981
60,5.995
61,6.007
62,6.02
63,6.033
64,6.046
65,6.072
66,6.072
67,6.086
68,6.099
69,6.113
70,6.139
71,6.139
72,6.151
73,6.165
74,6.178
75,6.192
76,6.206
77,6.22
78,6.233
79,6.246
80,6.276
81,6.276
82,6.289
83,6.303
84,6.318
85,6.346
86,6.346
87,6.36
88,6.375
89,6.386
90,6.402
91,6.416
92,6.447
93,6.46
94,6.46
95,6.49
96,6.49
97,6.506
98,6.52
99,6.533
100,6.549
101,6.564
102,6.577
103,6.595
104,6.609
105,6.625
106,6.639
107,6.656
108,6.671
109,6.686
110,6.7
111,6.717
112,6.732
113,6.748
114,6.764
115,6.779
116,6.795
117,6.809
118,6.828
119,6.844
120,6.859
121,6.876
122,6.891
123,6.908
124,6.924
125,6.957
126,6.957
127,6.972
128,7.006
129,7.006
130,7.039
131,7.039
132,7.056
133,7.072
134,7.09
135,7.107
136,7.121
137,7.14
138,7.155
139,7.172
140,7.191
141,7.205
142,7.241
143,7.241
144,7.257
145,7.274
146,7.291
147,7.31
148,7.323
149,7.343
150,7.359
151,7.376
152,7.394
153,7.412
154,7.428
155,7.446
156,7.461
157,7.478
158,7.495
159,7.514
160,7.548
161,7.548
162,7.565
163,7.58
164,7.598
165,7.63
166,7.63
167,7.664
168,7.664
169,7.682
170,7.698
171,7.714
172,7.749
173,7.765
174,7.783
175,7.799
176,7.799
177,7.814
178,7.832
179,7.848
180,7.864
181,7.881
182,7.897
183,7.914
184,7.931
185,7.946
186,7.963
187,7.979
188,7.996
189,8.012
190,8.028
191,8.043
192,8.061
193,8.093
194,8.093
195,8.108
196,8.139
197,8.139
198,8.154
199,8.17
200,8.187
201,8.201
202,8.219
203,8.232
204,8.248
205,8.278
206,8.278
207,8.295
208,8.325
209,8.325
210,8.338
211,8.354
212,8.369
213,8.383
214,8.401
215,8.413
216,8.429
217,8.44
218,8.458
219,8.472
220,8.486
221,8.501
222,8.515
223,8.529
224,8.542
225,8.556
226,8.571
227,8.585
228,8.599
229,8.612
230,8.626
231,8.638
232,8.653
233,8.667
234,8.679
235,8.707
236,8.707
237,8.72
238,8.734
239,8.746
240,8.759
241,8.77
242,8.784
243,8.796
244,8.809
245,8.82
246,8.833
247,8.843
248,8.869
249,8.869
250,8.881
251,8.893
252,8.905
253,8.917
254,8.928
255,8.938
256,8.953
257,8.96
258,8.974
259,8.984
260,8.993
261,9.006
262,9.016
263,9.027
264,9.039
265,9.06
266,9.06
267,9.07
268,9.081
269,9.092
270,9.112
271,9.112
272,9.121
273,9.133
274,9.14
275,9.151
276,9.159
277,9.178
278,9.187
279,9.187
280,9.198
281,9.206
282,9.216
283,9.224
284,9.233
285,9.242
286,9.251
287,9.26
288,9.269
289,9.275
290,9.286
291,9.293
292,9.301
293,9.311
294,9.318
295,9.334
296,9.334
297,9.343
298,9.35
299,9.357
300,9.365
301,9.373
302,9.381
303,9.389
304,9.396
305,9.404
306,9.41
307,9.42
308,9.426
309,9.433
310,9.447
311,9.447
312,9.454
313,9.461
314,9.47
315,9.483
316,9.483
317,9.487
318,9.497
319,9.502
320,9.508
321,9.517
322,9.528
323,9.528
324,9.535
325,9.548
326,9.548
327,9.554
328,9.567
329,9.561
330,9.57
331,9.578
332,9.588
333,9.588
334,9.595
335,9.601
336,9.606
337,9.612
338,9.619
339,9.624
340,9.633
341,9.633
342,9.639
343,9.643
344,9.651
345,9.655
346,9.66
347,9.664
348,9.67
349,9.674
350,9.684
351,9.684
352,9.689
353,9.694
354,9.698
355,9.709
356,9.709
357,9.711
358,9.715
359,9.719
360,9.724
361,9.728
362,9.733
363,9.736
364,9.74
365,9.742
366,9.747
367,9.751
368,9.759
369,9.759
370,9.763
371,9.766
372,9.769
373,9.771
374,9.777
375,9.778
376,9.783
377,9.784
378,9.788
379,9.791
380,9.793
381,9.796
382,9.799
383,9.801
384,9.802
385,9.803
386,9.809
387,9.808
388,9.812
389,9.813
390,9.814
391,9.816
392,9.817
393,9.819
394,9.821
395,9.821
396,9.824
397,9.826
398,9.826
399,9.824
400,9.827
401,9.826
402,9.826
403,9.827
404,9.827
405,9.827
406,9.826
407,9.826
408,9.827
409,9.823
410,9.825
411,9.824
412,9.825
413,9.825
414,9.825
415,9.822
416,9.822
417,9.821
418,9.82
419,9.819
420,9.82
421,9.817
422,9.818
423,9.818
424,9.816
425,9.815
426,9.814
427,9.812
428,9.811
429,9.811
430,9.81
431,9.807
432,9.806
433,9.806
434,9.804
435,9.802
436,9.801
437,9.798
438,9.795
439,9.794
440,9.794
441,9.793
442,9.791
443,9.786
444,9.786
445,9.783
446,9.781
447,9.781
448,9.78
449,9.778
450,9.775
451,9.774
452,9.769
453,9.765
454,9.765
455,9.761
456,9.761
457,9.758
458,9.755
459,9.753
460,9.751
461,9.747
462,9.744
463,9.743
464,9.739
465,9.736
466,9.732
467,9.731
468,9.726
469,9.723
470,9.716
471,9.716
472,9.711
473,9.711
474,9.706
475,9.703
476,9.699
477,9.696
478,9.692
479,9.688
480,9.685
481,9.68
482,9.677
483,9.672
484,9.669
485,9.665
486,9.659
487,9.655
488,9.651
489,9.647
490,9.642
491,9.64
492,9.633
493,9.63
494,9.624
495,9.622
496,9.61
497,9.61
498,9.606
499,9.604
500,9.598
501,9.592
502,9.585
503,9.585
504,9.579
505,9.575
506,9.569
507,9.564
508,9.561
509,9.554
510,9.55
511,9.545
512,9.54
513,9.537
514,9.53
515,9.524
516,9.52
517,9.515
518,9.511
519,9.505
520,9.501
521,9.495
522,9.49
523,9.487
524,9.481
525,9.475
526,9.469
527,9.465
528,9.459
529,9.449
530,9.449
531,9.445
532,9.436
533,9.434
534,9.429
535,9.422
536,9.419
537,9.411
538,9.406
539,9.401
540,9.396
541,9.39
542,9.382
543,9.382
544,9.371
545,9.371
546,9.365
547,9.361
548,9.354
549,9.35
550,9.348
551,9.34
552,9.334
553,9.331
554,9.326
555,9.322
556,9.317
557,9.308
558,9.308
559,9.302
560,9.301
561,9.293
562,9.282
563,9.279
564,9.279
565,9.276
566,9.27
567,9.267
568,9.259
569,9.263
570,9.256
571,9.252
572,9.247
573,9.242
574,9.241
575,9.239
576,9.232
577,9.232
578,9.226
579,9.224
580,9.221
581,9.217
582,9.214
583,9.205
584,9.211
585,9.205
586,9.202
587,9.2
588,9.195
589,9.193
590,9.186
591,9.186
592,9.185
593,9.183
594,9.18
595,9.179
596,9.176
597,9.175
598,9.173
599,9.17
600,9.166
601,9.165
602,9.164
603,9.162
604,9.16
605,9.158
606,9.156
607,9.153
608,9.151
609,9.151
610,9.147
611,9.146
612,9.144
613,9.141
614,9.141
615,9.139
616,9.136
617,9.135
618,9.132
619,9.131
620,9.129
621,9.129
622,9.126
623,9.124
624,9.122
625,9.12
626,9.12
627,9.116
628,9.116
629,9.116
630,9.115
631,9.113
632,9.113
633,9.111
634,9.112
635,9.11
636,9.111
637,9.11
638,9.11
639,9.11
640,9.109
641,9.108
642,9.11
643,9.11
644,9.11
645,9.11
646,9.11
647,9.113
648,9.112
649,9.114
650,9.114
651,9.117
652,9.116
653,9.119
654,9.119
655,9.121
656,9.123
657,9.125
658,9.125
659,9.128
660,9.129
661,9.132
662,9.132
663,9.135
664,9.135
665,9.138
666,9.14
667,9.139
668,9.141
669,9.14
670,9.144
671,9.143
672,9.144
673,9.145
674,9.144
675,9.146
676,9.144
677,9.147
678,9.143
679,9.143
680,9.143
681,9.142
682,9.14
683,9.138
684,9.138
685,9.135
686,9.13
687,9.13
688,9.125
689,9.121
690,9.118
691,9.111
692,9.107
693,9.099
694,9.094
695,9.085
696,9.079
697,9.07
698,9.06
699,9.052
700,9.042
701,9.033
702,9.021
703,9.011
704,9
705,8.977
706,8.977
707,8.955
708,8.955
709,8.941
710,8.928
711,8.917
712,8.903
713,8.892
714,8.878
715,8.85
716,8.85
717,8.838
718,8.822
719,8.797
720,8.797
721,8.781
722,8.771
723,8.754
724,8.744
725,8.731
726,8.718
727,8.705
728,8.692
729,8.68
730,8.666
731,8.653
732,8.644
733,8.631
734,8.618
735,8.598
736,8.598
737,8.586
738,8.576
739,8.564
740,8.554
741,8.544
742,8.535
743,8.525
744,8.513
745,8.506
746,8.496
747,8.487
748,8.471
749,8.471
750,8.463
751,8.454
752,8.446
753,8.438
754,8.423
755,8.416
756,8.416
757,8.408
758,8.403
759,8.397
760,8.391
761,8.384
762,8.377
763,8.372
764,8.366
765,8.36
766,8.357
767,8.35
768,8.346
769,8.34
770,8.336
771,8.333
772,8.327
773,8.323
774,8.32
775,8.314
776,8.311
777,8.309
778,8.305
779,8.301
780,8.3
781,8.297
782,8.293
783,8.292
784,8.289
785,8.287
786,8.285
787,8.282
788,8.282
789,8.282
790,8.28
791,8.28
792,8.278
793,8.279
794,8.279
795,8.28
796,8.281
797,8.282
798,8.284
799,8.284
800,8.286
801,8.289
802,8.294
803,8.294
804,8.3
805,8.302
806,8.308
807,8.313
808,8.317
809,8.331
810,8.339
811,8.339
812,8.346
813,8.354
814,8.364
815,8.384
816,8.384
817,8.406
818,8.406
819,8.417
820,8.431
821,8.445
822,8.459
823,8.489
824,8.489
825,8.507
826,8.523
827,8.542
828,8.561
829,8.58
830,8.601
831,8.621
832,8.643
833,8.666
834,8.69
835,8.717
836,8.741
837,8.77
838,8.799
839,8.829
840,8.861
841,8.892
842,8.927
843,8.962
844,8.999
845,9.038
846,9.079
847,9.116
848,9.162
849,9.248
850,9.296
851,9.296
852,9.342
853,9.39
854,9.443
855,9.493
856,9.545
857,9.599
858,9.657
859,9.712
860,9.773
861,9.833
862,9.96
863,9.96
864,10.026
865,10.165
866,10.165
867,10.237
868,10.313
869,10.389
870,10.471
871,10.552
872,10.638
873,10.727
874,10.818
875,10.912
876,11.008
877,11.109
878,11.21
879,11.321
880,11.43
881,11.544
882,11.663
883,11.784
884,12.038
885,12.038
886,12.17
887,12.306
888,12.449
889,12.742
890,12.895
891,12.895
892,13.049
893,13.207
894,13.371
895,13.535
896,13.702
897,14.043
898,14.043
899,14.217
900,14.395
901,14.571
902,14.747
903,14.925
904,15.101
905,15.272
906,15.451
907,15.588
908,15.789
909,15.958
910,16.121
911,16.282
912,16.441
913,16.596
914,16.759
915,16.912
916,17.07
917,17.228
918,17.39
919,17.55
920,17.723
921,17.894
922,18.067
923,18.253
924,18.445
925,18.843
926,18.843
927,19.045
928,19.469
929,19.684
930,19.897
931,19.897
932,20.334
933,20.549
934,20.767
935,20.767
936,20.982
937,21.153
938,21.41
939,21.625
940,21.836
941,22.051
942,22.267
943,22.483
944,22.703
945,22.879
946,23.102
947,23.378
948,23.606
949,23.837
950,24.044
951,24.276
952,24.509
953,24.754
954,24.989
955,25.224
956,25.467
957,25.938
958,25.938
959,26.178
960,26.411
961,26.641
962,26.874
963,27.097
964,27.321
965,27.538
966,27.756
967,27.967
968,28.175
969,28.384
970,28.584
971,28.784
972,28.984
973,29.177
974,29.38
975,29.766
976,29.766
977,29.96
978,30.15
979,30.341
980,30.535
981,30.73
982,30.921
983,31.122
984,31.322
985,31.523
986,31.729
987,31.938
988,32.148
989,32.366
990,32.581
991,32.798
992,33.249
993,33.249
994,33.47
995,33.692
996,33.905
997,34.116
998,34.543
999,34.543
1000,34.929
1001,34.929
1002,35.291
1003,35.291
1004,35.459
1005,35.624
1006,35.776
1007,36.066
1008,36.066
1009,36.195
1010,36.437
1011,36.543
1012,36.651
1013,36.747
1014,36.836
1015,36.836
1016,36.921
1017,37.001
1018,37.144
1019,37.216
1020,37.278
1021,37.278
1022,37.338
1023,37.397
1024,37.452
1025,37.505
1026,37.557
1027,37.61
1028,37.655
1029,37.706
1030,37.752
1031,37.802
1032,37.842
1033,37.929
1034,37.929
1035,37.972
1036,38.013
1037,38.056
1038,38.092
1039,38.169
1040,38.211
1041,38.211
1042,38.246
1043,38.292
1044,38.334
1045,38.384
1046,38.427
1047,38.484
1048,38.539
1049,38.599
1050,38.662
1051,38.732
1052,38.806
1053,38.884
1054,38.961
1055,39.051
1056,39.135
1057,39.229
1058,39.324
1059,39.417
1060,39.514
1061,39.615
1062,39.814
1063,39.814
1064,39.911
1065,40.109
1066,40.109
1067,40.206
1068,40.302
1069,40.399
1070,40.49
1071,40.578
1072,40.672
1073,40.842
1074,40.924
1075,40.924
1076,41.004
1077,41.083
1078,41.158
1079,41.233
1080,41.307
1081,41.376
1082,41.447
1083,41.515
1084,41.585
1085,41.652
1086,41.719
1087,41.784
1088,41.917
1089,41.917
1090,41.982
1091,42.051
1092,42.118
1093,42.184
1094,42.246
1095,42.312
1096,42.37
1097,42.43
1098,42.486
1099,42.538
1100,42.627
1101,42.627
1102,42.699
1103,42.73
1104,42.752
1105,42.764
1106,42.764
1107,42.779
1108,42.78
1109,42.777
1110,42.777
1111,42.768
1112,42.747
1113,42.73
1114,42.71
1115,42.658
1116,42.658
1117,42.629
1118,42.592
1119,42.559
1120,42.525
1121,42.488
1122,42.448
1123,42.409
1124,42.367
1125,42.322
1126,42.28
1127,42.237
1128,42.196
1129,42.144
1130,42.098
1131,42.051
1132,42.001
1133,41.953
1134,41.908
1135,41.858
1136,41.81
1137,41.768
1138,41.688
1139,41.688
1140,41.633
1141,41.633
1142,41.613
1143,41.611
1144,41.617
1145,41.634
1146,41.668
1147,41.72
1148,41.872
1149,41.872
1150,42.091
1151,42.091
1152,42.396
1153,42.568
1154,42.568
1155,42.764
1156,42.973
1157,43.195
1158,43.431
1159,43.678
1160,44.2
1161,44.2
1162,44.47
1163,44.743
1164,45.028
1165,45.304
1166,45.571
1167,45.842
1168,46.099
1169,46.348
1170,46.583
1171,46.802
1172,47.01
1173,47.203
1174,47.375
1175,47.537
1176,47.681
1177,47.811
1178,47.925
1179,48.022
1180,48.115
1181,48.193
1182,48.32
1183,48.32
1184,48.376
1185,48.469
1186,48.51
1187,48.51
1188,48.553
1189,48.592
1190,48.624
1191,48.662
1192,48.698
1193,48.731
1194,48.767
1195,48.84
1196,48.84
1197,48.878
1198,48.916
1199,48.959
1200,48.998
1201,49.043
1202,49.092
1203,49.14
1204,49.194
1205,49.295
1206,49.295
1207,49.352
1208,49.396
1209,49.446
1210,49.491
1211,49.53
1212,49.568
1213,49.604
1214,49.636
1215,49.667
1216,49.703
1217,49.736
1218,49.803
1219,49.767
1220,49.872
1221,49.872
1222,49.898
1223,49.932
1224,49.956
1225,49.989
1226,50.016
1227,50.043
1228,50.074
1229,50.094
1230,50.147
1231,50.147
1232,50.17
1233,50.194
1234,50.224
1235,50.247
1236,50.3
1237,50.3
1238,50.329
1239,50.354
1240,50.384
1241,50.408
1242,50.431
1243,50.449
1244,50.467
1245,50.497
1246,50.497
1247,50.524
1248,50.524
1249,50.533
1250,50.544
1251,50.547
1252,50.562
1253,50.569
1254,50.574
1255,50.594
1256,50.594
1257,50.594
1258,50.6
1259,50.601
1260,50.604
1261,50.599
1262,50.603
1263,50.602
1264,50.599
1265,50.602
1266,50.601
1267,50.597
1268,50.598
1269,50.596
1270,50.593
1271,50.595
1272,50.59
1273,50.59
1274,50.59
1275,50.592
1276,50.593
1277,50.592
1278,50.588
1279,50.587
1280,50.583
1281,50.583
1282,50.581
1283,50.579
1284,50.581
1285,50.583
1286,50.591
1287,50.588
1288,50.588
1289,50.591
1290,50.591
1291,50.589
1292,50.591
1293,50.59
1294,50.59
1295,50.585
1296,50.585
1297,50.591
1298,50.587
1299,50.59
1300,50.587
1301,50.584
1302,50.573
1303,50.559
1304,50.539
1305,50.519
1306,50.488
1307,50.451
1308,50.408
1309,50.303
1310,50.303
1311,50.243
1312,50.102
1313,50.022
1314,50.102
1315,49.934
1316,49.836
1317,49.728
1318,49.621
1319,49.502
1320,49.382
1321,49.265
1322,49.142
1323,49.046
1324,48.93
1325,48.789
1326,48.682
1327,48.592
1328,48.476
1329,48.374
1330,48.278
1331,48.182
1332,48.084
1333,47.977
1334,47.865
1335,47.741
1336,47.613
1337,47.478
1338,47.333
1339,47.188
1340,47.035
1341,46.861
1342,46.681
1343,46.289
1344,46.035
1345,45.763
1346,45.763
1347,45.461
1348,45.128
1349,44.697
1350,44.396
1351,44.011
1352,43.631
1353,43.183
1354,42.815
1355,42.461
1356,42.193
1357,41.862
1358,41.476
1359,41.149
1360,40.816
1361,40.472
1362,40.105
1363,39.797
1364,39.384
1365,38.942
1366,38.461
1367,37.947
1368,37.391
1369,36.806
1370,36.192
1371,35.549
1372,34.89
1373,34.209
1374,33.522
1375,32.096
1376,32.096
1377,31.382
1378,30.669
1379,29.955
1380,29.121
1381,28.446
1382,27.783
1383,27.271
1384,26.654
1385,26.06
1386,25.488
1387,24.929
1388,24.404
1389,23.899
1390,23.422
1391,22.976
1392,22.563
1393,22.172
1394,21.816
1395,21.487
1396,21.185
1397,20.917
1398,20.679
1399,20.28
1400,20.28
1401,20.125
1402,19.994
1403,19.896
1404,19.816
1405,19.757
1406,19.718
1407,19.698
1408,19.683
1409,19.688
1410,19.696
1411,19.707
1412,19.717
1413,19.727
1414,19.726
1415,19.726
1416,19.718
1417,19.7
1418,19.686
1419,19.663
1420,19.635
1421,19.605
1422,19.569
1423,19.528
1424,19.481
1425,19.369
1426,19.369
1427,19.319
1428,19.266
1429,19.212
1430,19.162
1431,19.108
1432,18.985
1433,18.917
1434,18.917
1435,18.762
1436,18.674
1437,18.587
1438,18.587
1439,18.496
1440,18.403
1441,18.312
1442,18.22
1443,18.124
1444,18.031
1445,17.932
1446,17.839
1447,17.743
1448,17.649
1449,17.558
1450,17.383
1451,17.383
1452,17.303
1453,17.227
1454,17.16
1455,17.086
1456,17.023
1457,16.958
1458,16.897
1459,16.837
1460,16.778
1461,16.724
1462,16.672
1463,16.62
1464,16.569
1465,16.523
1466,16.477
1467,16.434
1468,16.394
1469,16.357
1470,16.291
1471,16.291
1472,16.256
1473,16.223
1474,16.19
1475,16.155
1476,16.119
1477,16.053
1478,16.053
1479,16.018
1480,15.99
1481,15.969
1482,15.946
1483,15.93
1484,15.917
1485,15.907
1486,15.902
1487,15.896
1488,15.89
1489,15.886
1490,15.879
1491,15.873
1492,15.855
1493,15.855
1494,15.847
1495,15.833
1496,15.833
1497,15.83
1498,15.829
1499,15.839
1500,15.847
1501,15.866
1502,15.889
1503,15.921
1504,15.952
1505,16.033
1506,16.033
1507,16.083
1508,16.13
1509,16.175
1510,16.228
1511,16.28
1512,16.334
1513,16.45
1514,16.45
1515,16.51
1516,16.572
1517,16.635
1518,16.701
1519,16.768
1520,16.905
1521,16.905
1522,16.975
1523,17.125
1524,17.125
1525,17.205
1526,17.289
1527,17.381
1528,17.706
1529,17.477
1530,17.706
1531,17.832
1532,17.973
1533,18.12
1534,18.283
1535,18.453
1536,18.634
1537,19.019
1538,19.019
1539,19.217
1540,19.42
1541,19.62
1542,19.826
1543,20.022
1544,20.219
1545,20.411
1546,20.598
1547,20.777
1548,20.953
1549,21.126
1550,21.438
1551,21.438
1552,21.764
1553,21.764
1554,21.93
1555,22.278
1556,22.278
1557,22.501
1558,22.692
1559,22.89
1560,23.058
1561,23.323
1562,23.555
1563,23.8
1564,24.061
1565,24.277
1566,24.559
1567,24.849
1568,25.147
1569,25.458
1570,25.777
1571,26.107
1572,26.449
1573,26.803
1574,27.163
1575,27.543
1576,27.929
1577,28.318
1578,28.727
1579,29.126
1580,29.615
1581,29.947
1582,30.351
1583,30.752
1584,31.144
1585,31.523
1586,31.884
1587,32.236
1588,32.575
1589,32.907
1590,33.561
1591,33.561
1592,33.876
1593,34.195
1594,34.807
1595,35.126
1596,35.126
1597,35.444
1598,35.764
1599,36.088
1600,36.408
1601,36.714
1602,37.02
1603,37.301
1604,37.572
1605,37.834
1606,38.076
1607,38.313
1608,38.54
1609,38.758
1610,38.975
1611,39.188
1612,39.395
1613,39.606
1614,39.811
1615,40.013
1616,40.387
1617,40.387
1618,40.558
1619,40.706
1620,40.854
1621,40.983
1622,41.103
1623,41.216
1624,41.316
1625,41.425
1626,41.544
1627,41.665
1628,41.806
1629,41.983
1630,42.381
1631,42.381
1632,42.911
1633,42.911
1634,43.218
1635,43.562
1636,43.931
1637,44.324
1638,44.744
1639,45.184
1640,45.648
1641,46.136
1642,46.628
1643,47.139
1644,47.658
1645,48.715
1646,48.715
1647,49.258
1648,49.801
1649,50.352
1650,50.91
1651,51.466
1652,52.017
1653,52.56
1654,53.09
1655,53.613
1656,54.121
1657,54.604
1658,55.067
1659,55.515
1660,55.927
1661,56.331
1662,56.706
1663,57.071
1664,57.424
1665,57.763
1666,58.089
1667,58.409
1668,58.722
1669,59.026
1670,59.326
1671,59.613
1672,59.889
1673,60.4
1674,60.4
1675,60.866
1676,60.866
1677,61.084
1678,61.299
1679,61.506
1680,61.714
1681,61.918
1682,62.133
1683,62.349
1684,62.564
1685,63.003
1686,63.003
1687,63.214
1688,63.432
1689,63.65
1690,63.852
1691,64.27
1692,64.27
1693,64.705
1694,64.942
1695,64.942
1696,65.18
1697,65.698
1698,65.698
1699,65.977
1700,66.264
1701,66.552
1702,66.847
1703,67.138
1704,67.437
1705,67.736
1706,68.029
1707,68.626
1708,68.626
1709,68.915
1710,69.205
1711,69.478
1712,69.744
1713,69.998
1714,70.237
1715,70.452
1716,70.663
1717,70.845
1718,71.018
1719,71.184
1720,71.491
1721,71.491
1722,71.631
1723,71.765
1724,71.893
1725,72.033
1726,72.153
1727,72.277
1728,72.408
1729,72.521
1730,72.755
1731,72.633
1732,72.866
1733,72.976
1734,73.094
1735,73.193
1736,73.303
1737,73.504
1738,73.504
1739,73.605
1740,73.892
1741,73.696
1742,73.892
1743,73.984
1744,74.083
1745,74.17
1746,74.251
1747,74.347
1748,74.429
1749,74.511
1750,74.595
1751,74.672
1752,74.748
1753,74.828
1754,74.899
1755,74.97
1756,75.051
1757,75.113
1758,75.19
1759,75.252
1760,75.322
1761,75.382
1762,75.447
1763,75.501
1764,75.568
1765,75.62
1766,75.678
1767,75.735
1768,75.788
1769,75.84
1770,75.891
1771,75.945
1772,75.996
1773,76.039
1774,76.085
1775,76.14
1776,76.18
1777,76.27
1778,76.27
1779,76.315
1780,76.406
1781,76.406
1782,76.449
1783,76.498
1784,76.524
1785,76.605
1786,76.605
1787,76.648
1788,76.687
1789,76.727
1790,76.757
1791,76.805
1792,76.833
1793,76.9
1794,76.9
1795,76.931
1796,76.954
1797,76.981
1798,77.005
1799,77.028
1800,77.059
1801,77.059
1802,77.058
1803,77.047
1804,77.032
1805,77
1806,76.955
1807,76.835
1808,76.835
1809,76.757
1810,76.659
1811,76.565
1812,76.453
1813,76.327
1814,76.197
1815,76.048
1816,75.888
1817,75.69
1818,75.489
1819,75.247
1820,74.995
1821,74.723
1822,74.432
1823,74.132
1824,73.831
1825,73.508
1826,73.183
1827,72.837
1828,72.463
1829,72.081
1830,71.664
1831,71.22
1832,70.759
1833,70.261
1834,69.749
1835,69.217
1836,68.657
1837,68.076
1838,67.486
1839,66.87
1840,66.239
1841,65.594
1842,64.944
1843,64.265
1844,63.575
1845,62.877
1846,62.153
1847,61.421
1848,60.682
1849,59.924
1850,59.167
1851,58.399
1852,57.638
1853,56.874
1854,56.135
1855,55.409
1856,54.71
1857,53.388
1858,53.388
1859,52.164
1860,52.164
1861,51.584
1862,51.019
1863,50.468
1864,49.925
1865,49.39
1866,48.872
1867,48.343
1868,47.828
1869,47.332
1870,46.859
1871,46.41
1872,45.995
1873,45.606
1874,45.238
1875,45.238
1876,44.893
1877,43.988
1878,43.988
1879,43.707
1880,43.457
1881,43.209
1882,42.765
1883,42.57
1884,42.392
1885,42.229
1886,42.229
1887,42.07
1888,41.815
1889,41.944
1890,41.7
1891,41.584
1892,41.487
1893,41.38
1894,41.277
1895,41.091
1896,41.091
1897,40.988
1898,40.903
1899,40.807
1900,40.712
1901,40.625
1902,40.536
1903,40.441
1904,40.361
1905,40.183
1906,40.183
1907,40.105
1908,40.019
1909,39.937
1910,39.855
1911,39.779
1912,39.695
1913,39.617
1914,39.538
1915,39.376
1916,39.376
1917,39.293
1918,39.125
1919,39.125
1920,39.043
1921,38.956
1922,38.875
1923,38.791
1924,38.702
1925,38.621
1926,38.533
1927,38.446
1928,38.361
1929,38.274
1930,38.186
1931,38.101
1932,38.012
1933,37.926
1934,37.834
1935,37.746
1936,37.654
1937,37.561
1938,37.468
1939,37.375
1940,37.278
1941,37.175
1942,37.081
1943,36.98
1944,36.875
1945,36.77
1946,36.663
1947,36.547
1948,36.432
1949,36.31
1950,36.187
1951,36.061
1952,35.934
1953,35.802
1954,35.669
1955,35.539
1956,35.407
1957,35.271
1958,35.139
1959,35.006
1960,34.873
1961,34.739
1962,34.606
1963,34.47
1964,34.335
1965,34.2
1966,34.064
1967,33.931
1968,33.796
1969,33.658
1970,33.521
1971,33.386
1972,33.251
1973,33.113
1974,32.977
1975,32.836
1976,32.699
1977,32.558
1978,32.415
1979,32.277
1980,32.133
1981,31.99
1982,31.852
1983,31.708
1984,31.564
1985,31.42
1986,31.273
1987,31.129
1988,30.983
1989,30.838
1990,30.689
1991,30.541
1992,30.396
1993,30.099
1994,30.099
1995,29.949
1996,29.801
1997,29.655
1998,29.505
1999,29.208
2000,29.208
2001,29.06
2002,28.909
2003,28.763
2004,28.614
2005,28.316
2006,28.316
2007,28.168
2008,27.871
2009,28.017
2010,27.722
2011,27.577
2012,27.431
2013,27.283
2014,27.137
2015,26.988
2016,26.846
2017,26.702
2018,26.558
2019,26.414
2020,26.271
2021,26.127
2022,25.985
2023,25.842
2024,25.703
2025,25.563
2026,25.425
2027,25.283
2028,25.147
2029,25.01
2030,24.874
2031,24.738
2032,24.605
2033,24.47
2034,24.334
2035,24.07
2036,24.07
2037,23.942
2038,23.681
2039,23.681
2040,23.55
2041,23.422
2042,23.3
2043,23.171
2044,23.047
2045,22.923
2046,22.797
2047,22.676
2048,22.553
2049,22.433
2050,22.313
2051,22.195
2052,22.077
2053,21.963
2054,21.844
2055,21.73
2056,21.616
2057,21.502
2058,21.39
2059,21.279
2060,21.169
2061,21.058
2062,20.951
2063,20.736
2064,20.736
2065,20.525
2066,20.525
2067,20.421
2068,20.318
2069,20.214
2070,20.115
2071,20.014
2072,19.914
2073,19.817
2074,19.718
2075,19.621
2076,19.525
2077,19.429
2078,19.336
2079,19.242
2080,19.15
2081,19.056
2082,18.968
2083,18.875
2084,18.788
2085,18.699
2086,18.611
2087,18.525
2088,18.439
2089,18.355
2090,18.273
2091,18.189
2092,18.026
2093,17.944
2094,17.865
2095,17.785
2096,17.785
2097,17.709
2098,17.631
2099,17.554
2100,17.478
2101,17.403
2102,17.327
2103,17.255
2104,17.182
2105,17.111
2106,17.04
2107,16.968
2108,16.898
2109,16.83
2110,16.762
2111,16.691
2112,16.558
2113,16.558
2114,16.493
2115,16.425
2116,16.361
2117,16.298
2118,16.234
2119,16.171
2120,16.108
2121,16.047
2122,15.923
2123,15.923
2124,15.865
2125,15.803
2126,15.746
2127,15.688
2128,15.573
2129,15.631
2130,15.516
2131,15.459
2132,15.402
2133,15.35
2134,15.296
2135,15.241
2136,15.19
2137,15.135
2138,15.085
2139,14.981
2140,14.981
2141,14.93
2142,14.881
2143,14.832
2144,14.783
2145,14.735
2146,14.687
2147,14.641
2148,14.594
2149,14.547
2150,14.501
2151,14.456
2152,14.411
2153,14.368
2154,14.325
2155,14.239
2156,14.239
2157,14.157
2158,14.157
2159,14.115
2160,14.076
2161,14.036
2162,13.994
2163,13.958
2164,13.88
2165,13.88
2166,13.842
2167,13.806
2168,13.77
2169,13.696
2170,13.663
2171,13.663
2172,13.628
2173,13.594
2174,13.56
2175,13.528
2176,13.494
2177,13.463
2178,13.429
2179,13.399
2180,13.367
2181,13.336
2182,13.305
2183,13.277
2184,13.248
2185,13.216
2186,13.19
2187,13.16
2188,13.132
2189,13.103
2190,13.076
2191,13.048
2192,13.02
2193,12.967
2194,12.941
2195,12.941
2196,12.914
2197,12.889
2198,12.862
2199,12.835
2200,12.812
2201,12.785
2202,12.76
2203,12.733
2204,12.707
2205,12.685
2206,12.659
2207,12.634
2208,12.611
2209,12.585
2210,12.56
2211,12.536
2212,12.511
2213,12.488
2214,12.462
2215,12.438
2216,12.413
2217,12.388
2218,12.364
2219,12.337
2220,12.313
2221,12.289
2222,12.262
2223,12.237
2224,12.213
2225,12.187
2226,12.163
2227,12.137
2228,12.114
2229,12.087
2230,12.036
2231,12.036
2232,12.01
2233,11.985
2234,11.96
2235,11.934
2236,11.909
2237,11.881
2238,11.856
2239,11.803
2240,11.803
2241,11.776
2242,11.751
2243,11.723
2244,11.698
2245,11.671
2246,11.642
2247,11.616
2248,11.588
2249,11.56
2250,11.532
2251,11.507
2252,11.479
2253,11.452
2254,11.426
2255,11.396
2256,11.369
2257,11.342
2258,11.314
2259,11.286
2260,11.258
2261,11.23
2262,11.202
2263,11.147
2264,11.147
2265,11.119
2266,11.063
2267,11.063
2268,11.033
2269,11.009
2270,10.979
2271,10.951
2272,10.924
2273,10.895
2274,10.867
2275,10.813
2276,10.813
2277,10.784
2278,10.757
2279,10.729
2280,10.674
2281,10.674
2282,10.645
2283,10.617
2284,10.589
2285,10.561
2286,10.534
2287,10.504
2288,10.483
2289,10.448
2290,10.421
2291,10.393
2292,10.365
2293,10.338
2294,10.31
2295,10.283
2296,10.254
2297,10.229
2298,10.173
2299,10.173
2300,10.145
2301,10.09
2302,10.064
2303,10.037
2304,10.037
2305,10.009
2306,9.98
2307,9.954
2308,9.927
2309,9.9
2310,9.874
2311,9.846
2312,9.819
2313,9.79
2314,9.765
2315,9.736
2316,9.711
2317,9.683
2318,9.656
2319,9.629
2320,9.602
2321,9.577
2322,9.549
2323,9.521
2324,9.496
2325,9.466
2326,9.441
2327,9.414
2328,9.386
2329,9.36
2330,9.333
2331,9.307
2332,9.28
2333,9.252
2334,9.229
2335,9.176
2336,9.176
2337,9.146
2338,9.122
2339,9.095
2340,9.067
2341,9.042
2342,9.015
2343,8.989
2344,8.963
2345,8.937
2346,8.91
2347,8.883
2348,8.857
2349,8.83
2350,8.805
2351,8.777
2352,8.754
2353,8.724
2354,8.698
2355,8.674
2356,8.647
2357,8.621
2358,8.594
2359,8.568
2360,8.543
2361,8.515
2362,8.462
2363,8.436
2364,8.41
2365,8.381
2366,8.381
2367,8.354
2368,8.33
2369,8.302
2370,8.276
2371,8.249
2372,8.222
2373,8.197
2374,8.169
2375,8.143
2376,8.117
2377,8.09
2378,8.065
2379,8.036
2380,7.983
2381,7.983
2382,7.956
2383,7.93
2384,7.903
2385,7.877
2386,7.849
2387,7.823
2388,7.796
2389,7.77
2390,7.743
2391,7.716
2392,7.69
2393,7.639
2394,7.612
2395,7.586
2396,7.586
2397,7.559
2398,7.534
2399,7.507
2400,7.484
2401,7.455
2402,7.432
2403,7.403
2404,7.379
2405,7.354
2406,7.328
2407,7.304
2408,7.277
2409,7.253
2410,7.228
2411,7.202
2412,7.179
2413,7.152
2414,7.129
2415,7.103
2416,7.08
2417,7.057
2418,7.031
2419,6.984
2420,6.961
2421,6.984
2422,6.94
2423,6.913
2424,6.892
2425,6.87
2426,6.847
2427,6.824
2428,6.802
2429,6.78
2430,6.757
2431,6.735
2432,6.715
2433,6.693
2434,6.673
2435,6.651
2436,6.631
2437,6.59
2438,6.59
2439,6.57
2440,6.53
2441,6.53
2442,6.511
2443,6.491
2444,6.472
2445,6.454
2446,6.435
2447,6.416
2448,6.398
2449,6.382
2450,6.363
2451,6.346
2452,6.328
2453,6.312
2454,6.295
2455,6.278
2456,6.262
2457,6.248
2458,6.23
2459,6.216
2460,6.201
2461,6.185
2462,6.171
2463,6.158
2464,6.144
2465,6.129
2466,6.117
2467,6.103
2468,6.09
2469,6.078
2470,6.065
2471,6.053
2472,6.044
2473,6.029
2474,6.021
2475,6.01
2476,5.997
2477,5.991
2478,5.978
2479,5.968
2480,5.96
2481,5.95
2482,5.943
2483,5.933
2484,5.924
2485,5.916
2486,5.909
2487,5.901
2488,5.894
2489,5.888
2490,5.883
2491,5.876
2492,5.87
2493,5.864
2494,5.859
2495,5.854
2496,5.851
2497,5.841
2498,5.841
2499,5.837
2500,5.83
2501,5.83
2502,5.827
2503,5.823
2504,5.82
2505,5.819
2506,5.813
2507,5.813
2508,5.811
2509,5.811
2510,5.811
2511,5.808
2512,5.808
2513,5.807
2514,5.807
2515,5.807
2516,5.808
2517,5.808
2518,5.808
2519,5.809
2520,5.811
2521,5.812
2522,5.815
2523,5.815
2524,5.817
2525,5.82
2526,5.821
2527,5.825
2528,5.827
2529,5.829
2530,5.833
2531,5.836
2532,5.84
2533,5.849
2534,5.849
2535,5.852
2536,5.855
2537,5.862
2538,5.864
2539,5.87
2540,5.876
2541,5.88
2542,5.888
2543,5.891
2544,5.898
2545,5.909
2546,5.909
2547,5.917
2548,5.923
2549,5.929
2550,5.936
2551,5.941
2552,5.95
2553,5.958
2554,5.965
2555,5.971
2556,5.981
2557,5.989
2558,5.998
2559,6.005
2560,6.016
2561,6.024
2562,6.033
2563,6.042
2564,6.051
2565,6.061
2566,6.072
2567,6.092
2568,6.092
2569,6.101
2570,6.122
2571,6.122
2572,6.146
2573,6.146
2574,6.156
2575,6.18
2576,6.18
2577,6.191
2578,6.204
2579,6.216
2580,6.228
2581,6.239
2582,6.254
2583,6.266
2584,6.278
2585,6.305
2586,6.305
2587,6.32
2588,6.333
2589,6.346
2590,6.36
2591,6.372
2592,6.388
2593,6.403
2594,6.416
2595,6.431
2596,6.446
2597,6.459
2598,6.475
2599,6.505
2600,6.505
2601,6.521
2602,6.551
2603,6.566
2604,6.566
2605,6.598
2606,6.598
2607,6.614
2608,6.629
2609,6.647
2610,6.663
2611,6.68
2612,6.694
2613,6.713
2614,6.727
2615,6.761
2616,6.761
2617,6.778
2618,6.795
2619,6.811
2620,6.828
2621,6.846
2622,6.863
2623,6.879
2624,6.897
2625,6.917
2626,6.931
2627,6.948
2628,6.966
2629,6.983
2630,7
2631,7.016
2632,7.051
2633,7.068
2634,7.085
2635,7.085
2636,7.102
2637,7.118
2638,7.136
2639,7.153
2640,7.17
2641,7.186
2642,7.202
2643,7.218
2644,7.236
2645,7.251
2646,7.266
2647,7.282
2648,7.3
2649,7.314
2650,7.329
2651,7.346
2652,7.358
2653,7.377
2654,7.389
2655,7.405
2656,7.42
2657,7.433
2658,7.448
2659,7.462
2660,7.477
2661,7.49
2662,7.503
2663,7.517
2664,7.53
2665,7.542
2666,7.556
2667,7.567
2668,7.58
2669,7.591
2670,7.602
2671,7.615
2672,7.626
2673,7.636
2674,7.649
2675,7.658
2676,7.671
2677,7.679
2678,7.689
2679,7.7
2680,7.709
2681,7.718
2682,7.728
2683,7.736
2684,7.745
2685,7.753
2686,7.761
2687,7.769
2688,7.779
2689,7.786
2690,7.793
2691,7.8
2692,7.808
2693,7.812
2694,7.821
2695,7.827
2696,7.834
2697,7.839
2698,7.847
2699,7.852
2700,7.863
2701,7.863
2702,7.869
2703,7.873
2704,7.879
2705,7.883
2706,7.887
2707,7.895
2708,7.895
2709,7.899
2710,7.902
2711,7.906
2712,7.912
2713,7.912
2714,7.916
2715,7.919
2716,7.919
2717,7.923
2718,7.925
2719,7.927
2720,7.929
2721,7.931
2722,7.933
2723,7.934
2724,7.934
2725,7.937
2726,7.936
2727,7.937
2728,7.938
2729,7.939
2730,7.939
2731,7.939
2732,7.94
2733,7.939
2734,7.938
2735,7.939
2736,7.936
2737,7.936
2738,7.937
2739,7.935
2740,7.933
2741,7.933
2742,7.931
2743,7.931
2744,7.927
2745,7.926
2746,7.924
2747,7.921
2748,7.92
2749,7.917
2750,7.917
2751,7.914
2752,7.912
2753,7.909
2754,7.907
2755,7.904
2756,7.903
2757,7.9
2758,7.897
2759,7.892
2760,7.892
2761,7.89
2762,7.889
2763,7.886
2764,7.88
2765,7.88
2766,7.878
2767,7.875
2768,7.875
2769,7.871
2770,7.869
2771,7.868
2772,7.864
2773,7.861
2774,7.861
2775,7.861
2776,7.859
2777,7.857
2778,7.856
2779,7.854
2780,7.855
2781,7.853
2782,7.851
2783,7.853
2784,7.849
2785,7.85
2786,7.849
2787,7.847
2788,7.849
2789,7.847
2790,7.849
2791,7.848
2792,7.849
2793,7.85
2794,7.85
2795,7.851
2796,7.851
2797,7.853
2798,7.853
2799,7.856
2800,7.856
2801,7.858
2802,7.86
2803,7.863
2804,7.865
2805,7.866
2806,7.869
2807,7.871
2808,7.874
2809,7.878
2810,7.879
2811,7.883
2812,7.885
2813,7.889
2814,7.892
2815,7.895
2816,7.899
2817,7.902
2818,7.906
2819,7.91
2820,7.914
2821,7.92
2822,7.922
2823,7.928
2824,7.931
2825,7.94
2826,7.94
2827,7.95
2828,7.95
2829,7.954
2830,7.964
2831,7.964
2832,7.968
2833,7.974
2834,7.98
2835,7.991
2836,7.991
2837,7.997
2838,8
2839,8.008
2840,8.018
2841,8.018
2842,8.03
2843,8.03
2844,8.036
2845,8.049
2846,8.049
2847,8.054
2848,8.062
2849,8.069
2850,8.073
2851,8.082
2852,8.086
2853,8.094
2854,8.1
2855,8.107
2856,8.114
2857,8.12
2858,8.127
2859,8.135
2860,8.141
2861,8.15
2862,8.155
2863,8.163
2864,8.17
2865,8.175
2866,8.184
2867,8.197
2868,8.197
2869,8.205
2870,8.213
2871,8.219
2872,8.228
2873,8.235
2874,8.249
2875,8.249
2876,8.256
2877,8.264
2878,8.271
2879,8.278
2880,8.285
2881,8.293
2882,8.299
2883,8.307
2884,8.322
2885,8.322
2886,8.331
2887,8.345
2888,8.345
2889,8.354
2890,8.361
2891,8.37
2892,8.378
2893,8.385
2894,8.393
2895,8.399
2896,8.409
2897,8.416
2898,8.424
2899,8.433
2900,8.443
2901,8.45
2902,8.457
2903,8.468
2904,8.477
2905,8.495
2906,8.495
2907,8.504
2908,8.511
2909,8.53
2910,8.53
2911,8.54
2912,8.549
2913,8.559
2914,8.569
2915,8.579
2916,8.589
2917,8.61
2918,8.61
2919,8.62
2920,8.631
2921,8.64
2922,8.653
2923,8.661
2924,8.674
2925,8.698
2926,8.698
2927,8.708
2928,8.72
2929,8.733
2930,8.744
2931,8.758
2932,8.781
2933,8.781
2934,8.796
2935,8.822
2936,8.822
2937,8.834
2938,8.862
2939,8.875
2940,8.875
2941,8.889
2942,8.903
2943,8.917
2944,8.932
2945,8.946
2946,8.96
2947,8.976
2948,8.99
2949,9.004
2950,9.018
2951,9.036
2952,9.049
2953,9.065
2954,9.08
2955,9.109
2956,9.109
2957,9.125
2958,9.139
2959,9.155
2960,9.168
2961,9.185
2962,9.201
2963,9.215
2964,9.23
2965,9.243
2966,9.261
2967,9.275
2968,9.29
2969,9.305
2970,9.321
2971,9.349
2972,9.349
2973,9.364
2974,9.378
2975,9.392
2976,9.406
2977,9.42
2978,9.436
2979,9.448
2980,9.463
2981,9.476
2982,9.49
2983,9.516
2984,9.516
2985,9.531
2986,9.543
2987,9.555
2988,9.569
2989,9.581
2990,9.594
2991,9.607
2992,9.619
2993,9.632
2994,9.644
2995,9.656
2996,9.668
2997,9.68
2998,9.703
2999,9.703
3000,9.724
3001,9.724
3002,9.736
3003,9.748
3004,9.768
3005,9.768
3006,9.78
3007,9.79
3008,9.798
3009,9.812
3010,9.821
3011,9.831
3012,9.851
3013,9.851
3014,9.862
3015,9.872
3016,9.88
3017,9.89
3018,9.899
3019,9.911
3020,9.919
3021,9.928
3022,9.947
3023,9.947
3024,9.956
3025,9.966
3026,9.973
3027,9.982
3028,9.99
3029,10
3030,10.008
3031,10.016
3032,10.025
3033,10.033
3034,10.039
3035,10.047
3036,10.055
3037,10.066
3038,10.07
3039,10.087
3040,10.087
3041,10.097
3042,10.104
3043,10.111
3044,10.118
3045,10.126
3046,10.134
3047,10.139
3048,10.146
3049,10.154
3050,10.16
3051,10.168
3052,10.173
3053,10.186
3054,10.192
3055,10.192
3056,10.2
3057,10.206
3058,10.217
3059,10.217
3060,10.224
3061,10.23
3062,10.238
3063,10.243
3064,10.25
3065,10.256
3066,10.263
3067,10.269
3068,10.273
3069,10.279
3070,10.286
3071,10.29
3072,10.296
3073,10.302
3074,10.306
3075,10.312
3076,10.317
3077,10.323
3078,10.327
3079,10.334
3080,10.344
3081,10.344
3082,10.349
3083,10.354
3084,10.358
3085,10.368
3086,10.368
3087,10.374
3088,10.382
3089,10.378
3090,10.388
3091,10.391
3092,10.398
3093,10.401
3094,10.406
3095,10.409
3096,10.413
3097,10.418
3098,10.422
3099,10.426
3100,10.435
3101,10.435
3102,10.439
3103,10.442
3104,10.446
3105,10.454
3106,10.454
3107,10.457
3108,10.459
3109,10.465
3110,10.466
3111,10.469
3112,10.474
3113,10.477
3114,10.48
3115,10.488
3116,10.483
3117,10.488
3118,10.493
3119,10.494
3120,10.498
3121,10.501
3122,10.505
3123,10.505
3124,10.509
3125,10.511
3126,10.512
3127,10.516
3128,10.518
3129,10.519
3130,10.523
3131,10.525
3132,10.527
3133,10.529
3134,10.531
3135,10.534
3136,10.536
3137,10.538
3138,10.541
3139,10.541
3140,10.545
3141,10.545
3142,10.548
3143,10.55
3144,10.553
3145,10.553
3146,10.554
3147,10.557
3148,10.559
3149,10.559
3150,10.562
3151,10.562
3152,10.564
3153,10.565
3154,10.566
3155,10.568
3156,10.571
3157,10.571
3158,10.571
3159,10.573
3160,10.574
3161,10.574
3162,10.574
3163,10.576
3164,10.577
3165,10.577
3166,10.579
3167,10.581
3168,10.581
3169,10.582
3170,10.582
3171,10.581
3172,10.584
3173,10.584
3174,10.583
3175,10.585
3176,10.585
3177,10.584
3178,10.585
3179,10.585
3180,10.585
3181,10.587
3182,10.586
3183,10.584
3184,10.586
3185,10.585
3186,10.584
3187,10.584
3188,10.584
3189,10.583
3190,10.58
3191,10.58
3192,10.581
3193,10.581
3194,10.578
3195,10.578
3196,10.577
3197,10.576
3198,10.573
3199,10.573
3200,10.572
3201,10.571
3202,10.569
3203,10.565
3204,10.562
3205,10.562
3206,10.561
3207,10.559
3208,10.555
3209,10.556
3210,10.55
3211,10.55
3212,10.548
3213,10.542
3214,10.541
3215,10.538
3216,10.533
3217,10.53
3218,10.526
3219,10.522
3220,10.518
3221,10.515
3222,10.511
3223,10.507
3224,10.503
3225,10.498
3226,10.493
3227,10.488
3228,10.485
3229,10.478
3230,10.474
3231,10.468
3232,10.462
3233,10.453
3234,10.446
3235,10.446
3236,10.442
3237,10.435
3238,10.428
3239,10.422
3240,10.415
3241,10.409
3242,10.4
3243,10.389
3244,10.389
3245,10.382
3246,10.375
3247,10.366
3248,10.36
3249,10.354
3250,10.343
3251,10.337
3252,10.33
3253,10.321
3254,10.315
3255,10.307
3256,10.299
3257,10.274
3258,10.288
3259,10.274
3260,10.256
3261,10.256
3262,10.24
3263,10.24
3264,10.231
3265,10.215
3266,10.215
3267,10.206
3268,10.196
3269,10.188
3270,10.169
3271,10.169
3272,10.161
3273,10.153
3274,10.142
3275,10.133
3276,10.123
3277,10.114
3278,10.105
3279,10.094
3280,10.087
3281,10.076
3282,10.056
3283,10.056
3284,10.047
3285,10.038
3286,10.026
3287,10.019
3288,10.009
3289,9.998
3290,9.988
3291,9.979
3292,9.968
3293,9.958
3294,9.947
3295,9.936
3296,9.927
3297,9.916
3298,9.904
3299,9.895
3300,9.885
3301,9.872
3302,9.863
3303,9.852
3304,9.831
3305,9.82
3306,9.82
3307,9.809
3308,9.798
3309,9.788
3310,9.767
3311,9.767
3312,9.755
3313,9.743
3314,9.735
3315,9.722
3316,9.712
3317,9.701
3318,9.689
3319,9.678
3320,9.668
3321,9.658
3322,9.637
3323,9.637
3324,9.626
3325,9.604
3326,9.604
3327,9.594
3328,9.585
3329,9.573
3330,9.565
3331,9.554
3332,9.543
3333,9.533
3334,9.523
3335,9.514
3336,9.502
3337,9.493
3338,9.484
3339,9.474
3340,9.464
3341,9.456
3342,9.446
3343,9.437
3344,9.428
3345,9.417
3346,9.409
3347,9.4
3348,9.39
3349,9.381
3350,9.374
3351,9.366
3352,9.358
3353,9.348
3354,9.34
3355,9.331
3356,9.324
3357,9.315
3358,9.298
3359,9.298
3360,9.289
3361,9.283
3362,9.275
3363,9.267
3364,9.259
3365,9.251
3366,9.246
3367,9.23
3368,9.221
3369,9.215
3370,9.215
3371,9.208
3372,9.195
3373,9.195
3374,9.187
3375,9.172
3376,9.172
3377,9.166
3378,9.152
3379,9.152
3380,9.147
3381,9.14
3382,9.126
3383,9.126
3384,9.122
3385,9.107
3386,9.107
3387,9.102
3388,9.096
3389,9.091
3390,9.084
3391,9.079
3392,9.072
3393,9.066
3394,9.063
3395,9.057
3396,9.051
3397,9.048
3398,9.041
3399,9.036
3400,9.032
3401,9.026
3402,9.023
3403,9.017
3404,9.012
3405,9.01
3406,9.005
3407,9.002
3408,8.997
3409,8.996
3410,8.99
3411,8.988
3412,8.984
3413,8.98
3414,8.979
3415,8.974
3416,8.974
3417,8.97
3418,8.968
3419,8.965
3420,8.962
3421,8.96
3422,8.957
3423,8.957
3424,8.954
3425,8.953
3426,8.953
3427,8.951
3428,8.949
3429,8.949
3430,8.946
3431,8.946
3432,8.948
3433,8.944
3434,8.944
3435,8.945
3436,8.944
3437,8.945
3438,8.945
3439,8.944
3440,8.944
3441,8.944
3442,8.944
3443,8.943
3444,8.947
3445,8.945
3446,8.946
3447,8.947
3448,8.949
3449,8.946
3450,8.947
3451,8.95
3452,8.95
3453,8.954
3454,8.954
3455,8.953
3456,8.955
3457,8.956
3458,8.957
3459,8.959
3460,8.96
3461,8.96
3462,8.963
3463,8.964
3464,8.964
3465,8.967
3466,8.967
3467,8.97
3468,8.971
3469,8.972
3470,8.975
3471,8.974
3472,8.977
3473,8.978
3474,8.979
3475,8.981
3476,8.981
3477,8.984
3478,8.985
3479,8.99
3480,8.99
3481,8.991
3482,8.991
3483,8.995
3484,8.997
3485,8.995
3486,8.999
3487,9.001
3488,9.002
3489,9.005
3490,9.005
3491,9.008
3492,9.009
3493,9.012
3494,9.012
3495,9.018
3496,9.016
3497,9.021
3498,9.021
3499,9.022
3500,9.025
3501,9.029
3502,9.029
3503,9.031
3504,9.032
3505,9.035
3506,9.037
3507,9.04
3508,9.043
3509,9.045
3510,9.049
3511,9.05
3512,9.052
3513,9.055
3514,9.058
3515,9.061
3516,9.064
3517,9.066
3518,9.069
3519,9.074
3520,9.076
3521,9.079
3522,9.084
3523,9.085
3524,9.089
3525,9.092
3526,9.095
3527,9.1
3528,9.105
3529,9.108
3530,9.11
3531,9.115
3532,9.119
3533,9.122
3534,9.129
3535,9.135
3536,9.135
3537,9.14
3538,9.142
3539,9.149
3540,9.158
3541,9.158
3542,9.163
3543,9.168
3544,9.172
3545,9.175
3546,9.18
3547,9.185
3548,9.19
3549,9.195
3550,9.205
3551,9.205
3552,9.21
3553,9.214
3554,9.221
3555,9.226
3556,9.23
3557,9.235
3558,9.241
3559,9.245
3560,9.251
3561,9.258
3562,9.261
3563,9.273
3564,9.279
3565,9.283
3566,9.283
3567,9.288
3568,9.295
3569,9.307
3570,9.307
3571,9.31
3572,9.319
3573,9.324
3574,9.332
3575,9.336
3576,9.344
3577,9.35
3578,9.355
3579,9.37
3580,9.37
3581,9.378
3582,9.385
3583,9.392
3584,9.401
3585,9.408
3586,9.416
3587,9.424
3588,9.433
3589,9.44
3590,9.449
3591,9.459
3592,9.475
3593,9.475
3594,9.484
3595,9.492
3596,9.503
3597,9.511
3598,9.522
3599,9.53
3600,9.54
3601,9.559
3602,9.568
3603,9.568
3604,9.579
3605,9.588
3606,9.599
3607,9.608
3608,9.621
3609,9.629
3610,9.638
3611,9.648
3612,9.658
3613,9.667
3614,9.677
3615,9.688
3616,9.695
3617,9.715
3618,9.715
3619,9.724
3620,9.733
3621,9.741
3622,9.751
3623,9.757
3624,9.766
3625,9.781
3626,9.781
3627,9.79
3628,9.796
3629,9.804
3630,9.81
3631,9.817
3632,9.825
3633,9.828
3634,9.835
3635,9.84
3636,9.844
3637,9.85
3638,9.853
3639,9.862
3640,9.864
3641,9.864
3642,9.867
3643,9.871
3644,9.872
3645,9.875
3646,9.876
3647,9.877
3648,9.878
3649,9.881
3650,9.881
3651,9.88
3652,9.88
3653,9.879
3654,9.876
3655,9.876
3656,9.877
3657,9.875
3658,9.873
3659,9.869
3660,9.866
3661,9.863
3662,9.861
3663,9.853
3664,9.849
3665,9.844
3666,9.844
3667,9.841
3668,9.835
3669,9.831
3670,9.826
3671,9.82
3672,9.808
3673,9.808
3674,9.8
3675,9.795
3676,9.788
3677,9.778
3678,9.773
3679,9.764
3680,9.747
3681,9.756
3682,9.737
3683,9.728
3684,9.718
3685,9.708
3686,9.699
3687,9.687
3688,9.676
3689,9.665
3690,9.654
3691,9.629
3692,9.629
3693,9.615
3694,9.602
3695,9.589
3696,9.575
3697,9.56
3698,9.545
3699,9.53
3700,9.512
3701,9.498
3702,9.478
3703,9.465
3704,9.446
3705,9.428
3706,9.41
3707,9.39
3708,9.37
3709,9.353
3710,9.331
3711,9.312
3712,9.269
3713,9.247
3714,9.224
3715,9.203
3716,9.203
3717,9.178
3718,9.155
3719,9.131
3720,9.107
3721,9.083
3722,9.057
3723,9.032
3724,9.005
3725,8.978
3726,8.949
3727,8.923
3728,8.895
3729,8.868
3730,8.837
3731,8.809
3732,8.78
3733,8.751
3734,8.72
3735,8.69
3736,8.661
3737,8.628
3738,8.597
3739,8.566
3740,8.532
3741,8.502
3742,8.468
3743,8.436
3744,8.403
3745,8.37
3746,8.337
3747,8.303
3748,8.269
3749,8.235
3750,8.201
3751,8.168
3752,8.132
3753,8.097
3754,8.061
3755,8.026
3756,7.991
3757,7.955
3758,7.921
3759,7.884
3760,7.848
3761,7.812
3762,7.776
3763,7.741
3764,7.706
3765,7.632
3766,7.632
3767,7.559
3768,7.559
3769,7.522
3770,7.492
3771,7.448
3772,7.413
3773,7.374
3774,7.339
3775,7.302
3776,7.265
3777,7.228
3778,7.192
3779,7.153
3780,7.116
3781,7.08
3782,7.042
3783,7.005
3784,6.968
3785,6.933
3786,6.895
3787,6.822
3788,6.822
3789,6.784
3790,6.749
3791,6.712
3792,6.675
3793,6.638
3794,6.573
3795,6.536
3796,6.536
3797,6.495
3798,6.465
3799,6.428
3800,6.395
3801,6.352
3802,6.289
3803,6.289
3804,6.254
3805,6.213
3806,6.183
3807,6.144
3808,6.108
3809,6.078
3810,6.044
3811,6.011
3812,5.979
3813,5.947
3814,5.914
3815,5.883
3816,5.851
3817,5.822
3818,5.791
3819,5.766
3820,5.737
3821,5.706
3822,5.68
3823,5.651
3824,5.624
3825,5.596
3826,5.564
3827,5.538
3828,5.517
3829,5.489
3830,5.469
3831,5.443
3832,5.423
3833,5.396
3834,5.373
3835,5.352
3836,5.332
3837,5.311
3838,5.291
3839,5.274
3840,5.257
3841,5.242
3842,5.225
3843,5.21
3844,5.193
3845,5.163
3846,5.163
3847,5.151
3848,5.128
3849,5.138
3850,5.114
3851,5.104
3852,5.093
3853,5.084
3854,5.078
3855,5.068
3856,5.059
3857,5.053
3858,5.047
3859,5.041
3860,5.035
3861,5.031
3862,5.022
3863,5.022
3864,5.021
3865,5.017
3866,5.015
3867,5.014
3868,5.013
3869,5.014
3870,5.012
3871,5.012
3872,5.014
3873,5.017
3874,5.018
3875,5.018
3876,5.021
3877,5.024
3878,5.026
3879,5.03
3880,5.034
3881,5.039
3882,5.041
3883,5.046
3884,5.049
3885,5.056
3886,5.06
3887,5.065
3888,5.07
3889,5.077
3890,5.081
3891,5.086
3892,5.092
3893,5.099
3894,5.104
3895,5.112
3896,5.118
3897,5.123
3898,5.13
3899,5.137
3900,5.143
3901,5.149
3902,5.157
3903,5.162
3904,5.169
3905,5.175
3906,5.182
3907,5.189
3908,5.195
3909,5.201
3910,5.208
3911,5.215
3912,5.22
3913,5.228
3914,5.233
3915,5.239
3916,5.245
3917,5.25
3918,5.256
3919,5.261
3920,5.268
3921,5.274
3922,5.285
3923,5.285
3924,5.289
3925,5.295
3926,5.299
3927,5.305
3928,5.31
3929,5.314
3930,5.32
3931,5.325
3932,5.329
3933,5.332
3934,5.336
3935,5.343
3936,5.346
3937,5.351
3938,5.355
3939,5.359
3940,5.363
3941,5.367
3942,5.37
3943,5.374
3944,5.377
3945,5.381
3946,5.385
3947,5.389
3948,5.39
3949,5.395
3950,5.398
3951,5.401
3952,5.404
3953,5.408
3954,5.411
3955,5.413
3956,5.415
3957,5.419
3958,5.42
3959,5.423
3960,5.427
3961,5.429
3962,5.431
3963,5.434
3964,5.436
3965,5.439
3966,5.441
3967,5.443
3968,5.446
3969,5.447
3970,5.453
3971,5.455
3972,5.453
3973,5.457
3974,5.46
3975,5.46
3976,5.464
3977,5.464
3978,5.467
3979,5.468
3980,5.472
3981,5.472
3982,5.475
3983,5.475
3984,5.479
3985,5.481
3986,5.482
3987,5.485
3988,5.485
3989,5.488
3990,5.491
3991,5.494
3992,5.496
3993,5.497
3994,5.5
3995,5.502
3996,5.504
3997,5.506
3998,5.508
3999,5.511
4000,5.513
4001,5.515
4002,5.518
4003,5.52
4004,5.523
4005,5.526
4006,5.528
4007,5.534
4008,5.534
4009,5.535
4010,5.54
4011,5.542
4012,5.546
4013,5.549
4014,5.556
4015,5.558
4016,5.558
4017,5.563
4018,5.566
4019,5.57
4020,5.574
4021,5.577
4022,5.581
4023,5.587
4024,5.593
4025,5.593
4026,5.594
4027,5.6
4028,5.602
4029,5.605
4030,5.614
4031,5.614
4032,5.617
4033,5.622
4034,5.625
4035,5.629
4036,5.633
4037,5.642
4038,5.642
4039,5.645
4040,5.65
4041,5.651
4042,5.654
4043,5.661
4044,5.663
4045,5.667
4046,5.672
4047,5.674
4048,5.682
4049,5.68
4050,5.686
4051,5.69
4052,5.693
4053,5.697
4054,5.699
4055,5.705
4056,5.705
4057,5.712
4058,5.712
4059,5.717
4060,5.723
4061,5.723
4062,5.727
4063,5.729
4064,5.732
4065,5.735
4066,5.738
4067,5.74
4068,5.743
4069,5.745
4070,5.749
4071,5.75
4072,5.753
4073,5.757
4074,5.759
4075,5.761
4076,5.764
4077,5.767
4078,5.766
4079,5.77
4080,5.772
4081,5.773
4082,5.776
4083,5.778
4084,5.78
4085,5.782
4086,5.783
4087,5.786
4088,5.786
4089,5.788
4090,5.789
4091,5.792
4092,5.794
4093,5.796
4094,5.796
4095,5.798
4096,5.8
4097,5.802
4098,5.804
4099,5.803
4100,5.803
4101,5.808
4102,5.808
4103,5.812
4104,5.813
4105,5.815
4106,5.815
4107,5.818
4108,5.821
4109,5.821
4110,5.825
4111,5.825
4112,5.827
4113,5.829
4114,5.831
4115,5.832
4116,5.837
4117,5.837
4118,5.84
4119,5.842
4120,5.845
4121,5.849
4122,5.85
4123,5.852
4124,5.856
4125,5.857
4126,5.862
4127,5.863
4128,5.867
4129,5.873
4130,5.873
4131,5.877
4132,5.88
4133,5.884
4134,5.886
4135,5.89
4136,5.894
4137,5.898
4138,5.903
4139,5.906
4140,5.911
4141,5.914
4142,5.919
4143,5.923
4144,5.926
4145,5.931
4146,5.936
4147,5.939
4148,5.945
4149,5.95
4150,5.954
4151,5.958
4152,5.964
4153,5.968
4154,5.974
4155,5.978
4156,5.983
4157,5.989
4158,5.994
4159,5.998
4160,6.003
4161,6.009
4162,6.018
4163,6.018
4164,6.024
4165,6.028
4166,6.036
4167,6.04
4168,6.049
4169,6.049
4170,6.061
4171,6.055
4172,6.066
4173,6.07
4174,6.078
4175,6.081
4176,6.088
4177,6.091
4178,6.102
4179,6.102
4180,6.108
4181,6.112
4182,6.119
4183,6.123
4184,6.128
4185,6.133
4186,6.139
4187,6.145
4188,6.15
4189,6.154
4190,6.159
4191,6.165
4192,6.171
4193,6.181
4194,6.181
4195,6.191
4196,6.191
4197,6.197
4198,6.202
4199,6.206
4200,6.211
4201,6.217
4202,6.223
4203,6.225
4204,6.233
4205,6.237
4206,6.242
4207,6.248
4208,6.253
4209,6.258
4210,6.267
4211,6.267
4212,6.273
4213,6.277
4214,6.283
4215,6.286
4216,6.291
4217,6.296
4218,6.302
4219,6.305
4220,6.312
4221,6.316
4222,6.321
4223,6.326
4224,6.331
4225,6.335
4226,6.341
4227,6.345
4228,6.35
4229,6.354
4230,6.36
4231,6.369
4232,6.369
4233,6.373
4234,6.378
4235,6.383
4236,6.389
4237,6.391
4238,6.4
4239,6.4
4240,6.406
4241,6.409
4242,6.415
4243,6.419
4244,6.423
4245,6.428
4246,6.432
4247,6.436
4248,6.441
4249,6.449
4250,6.449
4251,6.453
4252,6.458
4253,6.462
4254,6.466
4255,6.47
4256,6.473
4257,6.479
4258,6.482
4259,6.491
4260,6.491
4261,6.495
4262,6.501
4263,6.505
4264,6.509
4265,6.518
4266,6.518
4267,6.521
4268,6.526
4269,6.53
4270,6.533
4271,6.538
4272,6.541
4273,6.547
4274,6.551
4275,6.555
4276,6.558
4277,6.564
4278,6.567
4279,6.572
4280,6.576
4281,6.58
4282,6.585
4283,6.589
4284,6.592
4285,6.602
4286,6.602
4287,6.606
4288,6.615
4289,6.615
4290,6.62
4291,6.624
4292,6.629
4293,6.633
4294,6.637
4295,6.642
4296,6.648
4297,6.651
4298,6.656
4299,6.66
4300,6.666
4301,6.671
4302,6.675
4303,6.679
4304,6.685
4305,6.69
4306,6.696
4307,6.699
4308,6.704
4309,6.712
4310,6.712
4311,6.719
4312,6.724
4313,6.734
4314,6.738
4315,6.738
4316,6.745
4317,6.748
4318,6.754
4319,6.758
4320,6.764
4321,6.769
4322,6.78
4323,6.78
4324,6.785
4325,6.789
4326,6.796
4327,6.8
4328,6.806
4329,6.809
4330,6.822
4331,6.822
4332,6.827
4333,6.832
4334,6.844
4335,6.849
4336,6.849
4337,6.854
4338,6.86
4339,6.865
4340,6.871
4341,6.877
4342,6.882
4343,6.886
4344,6.893
4345,6.898
4346,6.905
4347,6.91
4348,6.917
4349,6.923
4350,6.935
4351,6.935
4352,6.941
4353,6.947
4354,6.952
4355,6.958
4356,6.964
4357,6.977
4358,6.977
4359,6.983
4360,6.99
4361,6.994
4362,7.002
4363,7.007
4364,7.013
4365,7.019
4366,7.024
4367,7.033
4368,7.039
4369,7.046
4370,7.053
4371,7.058
4372,7.066
4373,7.07
4374,7.079
4375,7.085
4376,7.093
4377,7.099
4378,7.106
4379,7.119
4380,7.119
4381,7.126
4382,7.133
4383,7.139
4384,7.149
4385,7.155
4386,7.163
4387,7.171
4388,7.178
4389,7.185
4390,7.194
4391,7.201
4392,7.207
4393,7.222
4394,7.222
4395,7.232
4396,7.238
4397,7.247
4398,7.256
4399,7.264
4400,7.272
4401,7.28
4402,7.289
4403,7.297
4404,7.305
4405,7.314
4406,7.323
4407,7.332
4408,7.339
4409,7.347
4410,7.366
4411,7.366
4412,7.375
4413,7.384
4414,7.404
4415,7.404
4416,7.412
4417,7.422
4418,7.44
4419,7.44
4420,7.461
4421,7.461
4422,7.471
4423,7.48
4424,7.491
4425,7.503
4426,7.512
4427,7.522
4428,7.533
4429,7.544
4430,7.554
4431,7.565
4432,7.575
4433,7.594
4434,7.606
4435,7.618
4436,7.618
4437,7.63
4438,7.644
4439,7.657
4440,7.671
4441,7.684
4442,7.696
4443,7.709
4444,7.737
4445,7.737
4446,7.751
4447,7.763
4448,7.778
4449,7.791
4450,7.806
4451,7.821
4452,7.835
4453,7.85
4454,7.866
4455,7.881
4456,7.898
4457,7.911
4458,7.928
4459,7.946
4460,7.979
4461,7.979
4462,8.013
4463,8.032
4464,8.048
4465,8.068
4466,8.068
4467,8.106
4468,8.106
4469,8.126
4470,8.144
4471,8.166
4472,8.186
4473,8.208
4474,8.228
4475,8.25
4476,8.272
4477,8.295
4478,8.318
4479,8.341
4480,8.389
4481,8.389
4482,8.415
4483,8.44
4484,8.468
4485,8.496
4486,8.523
4487,8.552
4488,8.58
4489,8.609
4490,8.641
4491,8.672
4492,8.704
4493,8.74
4494,8.775
4495,8.812
4496,8.849
4497,8.887
4498,8.928
4499,8.971
4500,9.014
4501,9.058
4502,9.104
4503,9.151
4504,9.203
4505,9.256
4506,9.31
4507,9.366
4508,9.423
4509,9.484
4510,9.61
4511,9.61
4512,9.677
4513,9.745
4514,9.819
4515,9.891
4516,9.968
4517,10.052
4518,10.134
4519,10.222
4520,10.309
4521,10.402
4522,10.496
4523,10.595
4524,10.696
4525,10.908
4526,10.908
4527,11.018
4528,11.13
4529,11.25
4530,11.37
4531,11.495
4532,11.625
4533,11.759
4534,11.899
4535,12.044
4536,12.193
4537,12.348
4538,12.474
4539,12.85
4540,12.85
4541,13.032
4542,13.219
4543,13.416
4544,13.621
4545,13.828
4546,14.048
4547,14.27
4548,14.502
4549,14.739
4550,15.22
4551,14.973
4552,15.469
4553,15.72
4554,15.977
4555,16.236
4556,16.496
4557,16.759
4558,17.023
4559,17.291
4560,17.56
4561,17.834
4562,18.112
4563,18.392
4564,18.675
4565,18.959
4566,19.25
4567,19.549
4568,19.788
4569,20.154
4570,20.468
4571,20.782
4572,21.104
4573,21.439
4574,21.773
4575,22.123
4576,22.474
4577,22.834
4578,23.201
4579,23.576
4580,24.318
4581,24.318
4582,24.692
4583,25.062
4584,25.427
4585,26.139
4586,26.139
4587,26.479
4588,26.811
4589,27.068
4590,27.38
4591,27.739
4592,28.024
4593,28.244
4594,28.512
4595,28.82
4596,29.068
4597,29.504
4598,29.504
4599,29.781
4600,30.013
4601,30.234
4602,30.457
4603,30.9
4604,30.9
4605,31.11
4606,31.328
4607,31.535
4608,31.744
4609,31.947
4610,32.345
4611,32.345
4612,32.7
4613,32.7
4614,32.892
4615,33.275
4616,33.275
4617,33.466
4618,33.654
4619,33.883
4620,34.036
4621,34.228
4622,34.462
4623,34.657
4624,34.857
4625,35.053
4626,35.255
4627,35.612
4628,35.612
4629,35.852
4630,36.257
4631,36.257
4632,36.623
4633,36.623
4634,36.828
4635,37.028
4636,37.23
4637,37.636
4638,37.636
4639,37.84
4640,38.041
4641,38.236
4642,38.436
4643,38.629
4644,38.823
4645,39.018
4646,39.206
4647,39.396
4648,39.584
4649,39.805
4650,39.987
4651,40.129
4652,40.31
4653,40.652
4654,40.652
4655,40.986
4656,40.986
4657,41.145
4658,41.304
4659,41.457
4660,41.603
4661,41.754
4662,41.891
4663,42.023
4664,42.153
4665,42.279
4666,42.395
4667,42.618
4668,42.618
4669,42.738
4670,42.816
4671,42.91
4672,43.003
4673,43.085
4674,43.167
4675,43.243
4676,43.316
4677,43.389
4678,43.45
4679,43.514
4680,43.574
4681,43.631
4682,43.687
4683,43.742
4684,43.79
4685,43.839
4686,43.885
4687,43.93
4688,43.979
4689,44.018
4690,44.104
4691,44.138
4692,44.182
4693,44.182
4694,44.219
4695,44.255
4696,44.292
4697,44.368
4698,44.368
4699,44.407
4700,44.44
4701,44.479
4702,44.515
4703,44.559
4704,44.596
4705,44.667
4706,44.667
4707,44.707
4708,44.742
4709,44.777
4710,44.812
4711,44.846
4712,44.879
4713,44.919
4714,44.949
4715,44.989
4716,45.02
4717,45.062
4718,45.101
4719,45.18
4720,45.18
4721,45.224
4722,45.263
4723,45.304
4724,45.348
4725,45.387
4726,45.429
4727,45.511
4728,45.511
4729,45.554
4730,45.588
4731,45.635
4732,45.674
4733,45.723
4734,45.765
4735,45.862
4736,45.862
4737,45.91
4738,45.962
4739,46.012
4740,46.121
4741,46.121
4742,46.227
4743,46.227
4744,46.335
4745,46.335
4746,46.394
4747,46.447
4748,46.505
4749,46.561
4750,46.619
4751,46.677
4752,46.741
4753,46.796
4754,46.855
4755,46.977
4756,46.977
4757,47.038
4758,47.103
4759,47.165
4760,47.293
4761,47.293
4762,47.361
4763,47.424
4764,47.493
4765,47.56
4766,47.63
4767,47.702
4768,47.774
4769,47.847
4770,47.923
4771,48.071
4772,48.148
4773,48.226
4774,48.226
4775,48.382
4776,48.382
4777,48.462
4778,48.545
4779,48.625
4780,48.703
4781,48.789
4782,48.868
4783,48.954
4784,49.04
4785,49.125
4786,49.206
4787,49.294
4788,49.378
4789,49.464
4790,49.552
4791,49.641
4792,49.728
4793,49.821
4794,49.91
4795,49.997
4796,50.096
4797,50.187
4798,50.284
4799,50.376
4800,50.476
4801,50.571
4802,50.668
4803,50.768
4804,50.866
4805,50.97
4806,51.065
4807,51.165
4808,51.27
4809,51.369
4810,51.473
4811,51.579
4812,51.687
4813,51.789
4814,51.899
4815,52.004
4816,52.114
4817,52.225
4818,52.446
4819,52.446
4820,52.559
4821,52.668
4822,52.896
4823,52.896
4824,53.015
4825,53.132
4826,53.25
4827,53.368
4828,53.495
4829,53.618
4830,53.74
4831,53.868
4832,53.992
4833,54.114
4834,54.243
4835,54.373
4836,54.499
4837,54.628
4838,54.755
4839,54.883
4840,55.013
4841,55.141
4842,55.275
4843,55.409
4844,55.54
4845,55.675
4846,55.813
4847,55.949
4848,56.085
4849,56.365
4850,56.498
4851,56.498
4852,56.636
4853,56.779
4854,56.916
4855,57.052
4856,57.189
4857,57.332
4858,57.467
4859,57.607
4860,57.743
4861,57.885
4862,58.029
4863,58.169
4864,58.314
4865,58.462
4866,58.607
4867,58.755
4868,58.898
4869,59.051
4870,59.195
4871,59.347
4872,59.493
4873,59.795
4874,59.795
4875,59.94
4876,60.091
4877,60.236
4878,60.384
4879,60.528
4880,60.795
4881,60.795
4882,60.972
4883,61.124
4884,61.392
4885,61.392
4886,61.581
4887,61.731
4888,61.88
4889,62.034
4890,62.176
4891,62.321
4892,62.467
4893,62.608
4894,62.745
4895,63.025
4896,63.025
4897,63.168
4898,63.309
4899,63.446
4900,63.729
4901,63.729
4902,63.843
4903,63.989
4904,64.13
4905,64.279
4906,64.422
4907,64.561
4908,64.706
4909,64.854
4910,65.021
4911,65.17
4912,65.276
4913,65.44
4914,65.582
4915,65.712
4916,65.853
4917,65.989
4918,66.1
4919,66.241
4920,66.375
4921,66.518
4922,66.657
4923,66.797
4924,66.935
4925,67.072
4926,67.213
4927,67.352
4928,67.478
4929,67.608
4930,67.734
4931,67.893
4932,67.987
4933,68.111
4934,68.226
4935,68.354
4936,68.476
4937,68.595
4938,68.717
4939,68.839
4940,68.962
4941,69.081
4942,69.325
4943,69.325
4944,69.443
4945,69.558
4946,69.673
4947,69.788
4948,69.904
4949,70.021
4950,70.138
4951,70.254
4952,70.371
4953,70.49
4954,70.598
4955,70.717
4956,70.834
4957,70.951
4958,71.172
4959,71.172
4960,71.283
4961,71.39
4962,71.499
4963,71.6
4964,71.703
4965,71.802
4966,71.905
4967,72.002
4968,72.1
4969,72.192
4970,72.284
4971,72.378
4972,72.467
4973,72.559
4974,72.646
4975,72.74
4976,72.825
4977,72.921
4978,73.013
4979,73.103
4980,73.196
4981,73.285
4982,73.374
4983,73.462
4984,73.547
4985,73.629
4986,73.705
4987,73.786
4988,73.867
4989,73.942
4990,74.023
4991,74.098
4992,74.178
4993,74.249
4994,74.331
4995,74.403
4996,74.484
4997,74.561
4998,74.637
4999,74.714
5000,74.788
5001,74.853
5002,74.999
5003,74.999
5004,75.133
5005,75.197
5006,75.197
5007,75.261
5008,75.386
5009,75.386
5010,75.45
5011,75.574
5012,75.574
5013,75.646
5014,75.767
5015,75.767
5016,75.834
5017,75.9
5018,75.969
5019,76.043
5020,76.114
5021,76.182
5022,76.253
5023,76.316
5024,76.381
5025,76.508
5026,76.508
5027,76.566
5028,76.629
5029,76.682
5030,76.794
5031,76.794
5032,76.849
5033,76.966
5034,77.024
5035,77.069
5036,77.069
5037,77.131
5038,77.176
5039,77.232
5040,77.292
5041,77.335
5042,77.383
5043,77.417
5044,77.449
5045,77.477
5046,77.504
5047,77.529
5048,77.552
5049,77.565
5050,77.587
5051,77.587
5052,77.591
5053,77.594
5054,77.585
5055,77.572
5056,77.545
5057,77.512
5058,77.472
5059,77.417
5060,77.353
5061,77.285
5062,77.2
5063,77.101
5064,76.991
5065,76.87
5066,76.739
5067,76.595
5068,76.438
5069,76.267
5070,76.09
5071,75.897
5072,75.693
5073,75.481
5074,75.259
5075,75.02
5076,74.768
5077,74.515
5078,74.237
5079,73.954
5080,73.656
5081,73.346
5082,73.03
5083,72.705
5084,72.375
5085,72.036
5086,71.692
5087,71.348
5088,70.998
5089,70.655
5090,70.324
5091,69.99
5092,69.666
5093,69.35
5094,69.052
5095,68.75
5096,68.461
5097,68.186
5098,67.913
5099,67.653
5100,67.389
5101,67.148
5102,66.914
5103,66.688
5104,66.267
5105,66.072
5106,65.885
5107,65.885
5108,65.709
5109,65.536
5110,65.227
5111,65.227
5112,65.082
5113,64.944
5114,64.821
5115,64.704
5116,64.587
5117,64.48
5118,64.374
5119,64.276
5120,64.103
5121,64.185
5122,64.01
5123,63.94
5124,63.864
5125,63.727
5126,63.792
5127,63.661
5128,63.604
5129,63.553
5130,63.502
5131,63.462
5132,63.426
5133,63.396
5134,63.371
5135,63.351
5136,63.347
5137,63.34
5138,63.346
5139,63.349
5140,63.376
5141,63.398
5142,63.422
5143,63.458
5144,63.491
5145,63.527
5146,63.567
5147,63.605
5148,63.645
5149,63.667
5150,63.706
5151,63.706
5152,63.713
5153,63.711
5154,63.688
5155,63.626
5156,63.586
5157,63.586
5158,63.532
5159,63.471
5160,63.4
5161,63.319
5162,63.233
5163,63.137
5164,63.032
5165,62.92
5166,62.795
5167,62.671
5168,62.533
5169,62.396
5170,62.257
5171,62.107
5172,61.964
5173,61.813
5174,61.659
5175,61.509
5176,61.355
5177,61.201
5178,61.048
5179,60.888
5180,60.545
5181,60.545
5182,60.359
5183,60.166
5184,59.962
5185,59.746
5186,59.512
5187,59.273
5188,59.028
5189,58.768
5190,58.502
5191,58.233
5192,57.957
5193,57.683
5194,57.412
5195,57.141
5196,56.878
5197,56.372
5198,56.133
5199,56.133
5200,55.902
5201,55.676
5202,55.462
5203,55.258
5204,55.061
5205,54.877
5206,54.69
5207,54.514
5208,54.16
5209,54.16
5210,53.991
5211,53.813
5212,53.642
5213,53.469
5214,53.295
5215,53.112
5216,52.939
5217,52.761
5218,52.589
5219,52.257
5220,52.257
5221,52.097
5222,51.952
5223,51.805
5224,51.663
5225,51.531
5226,51.395
5227,51.271
5228,51.145
5229,51.02
5230,50.889
5231,50.765
5232,50.629
5233,50.35
5234,50.35
5235,50.199
5236,50.048
5237,49.893
5238,49.734
5239,49.57
5240,49.41
5241,49.238
5242,49.066
5243,48.89
5244,48.71
5245,48.522
5246,48.34
5247,48.146
5248,47.952
5249,47.756
5250,47.368
5251,47.368
5252,47.167
5253,46.969
5254,46.81
5255,46.603
5256,46.4
5257,46.204
5258,45.959
5259,45.794
5260,45.335
5261,45.335
5262,45.16
5263,44.937
5264,44.67
5265,44.445
5266,44.219
5267,43.993
5268,43.768
5269,43.539
5270,43.313
5271,43.084
5272,42.857
5273,42.416
5274,42.201
5275,42.028
5276,42.028
5277,41.812
5278,41.393
5279,41.393
5280,41.176
5281,40.961
5282,40.745
5283,40.527
5284,40.31
5285,40.083
5286,39.862
5287,39.637
5288,39.363
5289,39.181
5290,38.91
5291,38.682
5292,38.453
5293,38.227
5294,38.046
5295,37.771
5296,37.543
5297,37.358
5298,37.126
5299,36.893
5300,36.658
5301,36.425
5302,35.953
5303,35.713
5304,35.473
5305,35.473
5306,35.233
5307,34.987
5308,34.743
5309,34.497
5310,34.247
5311,33.943
5312,33.488
5313,33.488
5314,33.227
5315,32.967
5316,32.654
5317,32.444
5318,32.18
5319,31.911
5320,31.587
5321,31.313
5322,31.098
5323,30.821
5324,30.544
5325,29.981
5326,29.981
5327,29.701
5328,29.417
5329,29.131
5330,28.84
5331,28.554
5332,28.26
5333,27.971
5334,27.68
5335,27.386
5336,27.093
5337,26.8
5338,26.502
5339,26.208
5340,25.908
5341,25.611
5342,25.315
5343,25.017
5344,24.716
5345,24.421
5346,24.121
5347,23.764
5348,23.528
5349,23.233
5350,22.936
5351,22.638
5352,22.346
5353,22.053
5354,21.757
5355,21.468
5356,21.177
5357,20.888
5358,20.602
5359,20.317
5360,19.751
5361,19.751
5362,19.199
5363,19.199
5364,18.925
5365,18.389
5366,18.389
5367,18.125
5368,17.865
5369,17.609
5370,17.358
5371,17.107
5372,16.862
5373,16.621
5374,16.148
5375,15.918
5376,15.918
5377,15.694
5378,15.468
5379,15.251
5380,15.036
5381,14.826
5382,14.62
5383,14.417
5384,14.217
5385,14.024
5386,13.835
5387,13.648
5388,13.464
5389,13.285
5390,12.936
5391,12.936
5392,12.603
5393,12.603
5394,12.439
5395,12.28
5396,12.123
5397,11.969
5398,11.816
5399,11.671
5400,11.525
5401,11.382
5402,11.24
5403,11.103
5404,10.831
5405,10.831
5406,10.698
5407,10.564
5408,10.432
5409,10.303
5410,10.175
5411,10.047
5412,9.922
5413,9.798
5414,9.673
5415,9.43
5416,9.43
5417,9.309
5418,9.191
5419,9.076
5420,8.964
5421,8.853
5422,8.743
5423,8.634
5424,8.526
5425,8.417
5426,8.311
5427,8.204
5428,8.096
5429,7.986
5430,7.878
5431,7.767
5432,7.545
5433,7.432
5434,7.432
5435,7.319
5436,7.207
5437,7.09
5438,6.974
5439,6.856
5440,6.739
5441,6.621
5442,6.503
5443,6.382
5444,6.265
5445,6.145
5446,6.027
5447,5.908
5448,5.793
5449,5.562
5450,5.45
5451,5.45
5452,5.341
5453,5.232
5454,5.128
5455,5.026
5456,4.926
5457,4.828
5458,4.733
5459,4.639
5460,4.549
5461,4.461
5462,4.37
5463,4.285
5464,4.122
5465,4.122
5466,4.04
5467,3.963
5468,3.886
5469,3.812
5470,3.74
5471,3.668
5472,3.6
5473,3.534
5474,3.469
5475,3.404
5476,3.345
5477,3.284
5478,3.224
5479,3.168
5480,3.111
5481,3.057
5482,3.006
5483,2.954
5484,2.855
5485,2.855
5486,2.811
5487,2.762
5488,2.719
5489,2.673
5490,2.631
5491,2.588
5492,2.548
5493,2.508
5494,2.47
5495,2.431
5496,2.393
5497,2.32
5498,2.32
5499,2.285
5500,2.216
5501,2.216
5502,2.182
5503,2.151
5504,2.117
5505,2.085
5506,2.054
5507,2.023
5508,1.993
5509,1.964
5510,1.908
5511,1.881
5512,1.881
5513,1.853
5514,1.828
5515,1.803
5516,1.779
5517,1.755
5518,1.732
5519,1.708
5520,1.686
5521,1.663
5522,1.643
5523,1.62
5524,1.601
5525,1.579
5526,1.562
5527,1.541
5528,1.523
5529,1.504
5530,1.486
5531,1.469
5532,1.452
5533,1.434
5534,1.42
5535,1.401
5536,1.387
5537,1.373
5538,1.356
5539,1.342
5540,1.327
5541,1.314
5542,1.286
5543,1.286
5544,1.272
5545,1.245
5546,1.245
5547,1.233
5548,1.221
5549,1.208
5550,1.187
5551,1.187
5552,1.166
5553,1.166
5554,1.156
5555,1.135
5556,1.135
5557,1.116
5558,1.116
5559,1.101
5560,1.093
5561,1.093
5562,1.084
5563,1.078
5564,1.07
5565,1.062
5566,1.057
5567,1.044
5568,1.039
5569,1.032
5570,1.028
5571,1.028
5572,1.017
5573,1.017
5574,1.013
5575,1.008
5576,1.004
5577,0.999
5578,0.995
5579,0.992
5580,0.987
5581,0.985
5582,0.98
5583,0.979
5584,0.973
5585,0.972
5586,0.969
5587,0.964
5588,0.964
5589,0.962
5590,0.96
5591,0.958
5592,0.957
5593,0.954
5594,0.955
5595,0.954
5596,0.952
5597,0.952
5598,0.952
5599,0.951
5600,0.952
5601,0.951
5602,0.953
5603,0.953
5604,0.952
5605,0.953
5606,0.953
5607,0.956
5608,0.955
5609,0.957
5610,0.958
5611,0.959
5612,0.961
5613,0.964
5614,0.965
5615,0.967
5616,0.969
5617,0.971
5618,0.973
5619,0.975
5620,0.978
5621,0.981
5622,0.985
5623,0.987
5624,0.989
5625,0.994
5626,0.997
5627,1
5628,1.004
5629,1.007
5630,1.013
5631,1.016
5632,1.024
5633,1.024
5634,1.029
5635,1.033
5636,1.037
5637,1.045
5638,1.045
5639,1.052
5640,1.055
5641,1.059
5642,1.065
5643,1.071
5644,1.073
5645,1.079
5646,1.084
5647,1.09
5648,1.094
5649,1.098
5650,1.108
5651,1.108
5652,1.113
5653,1.118
5654,1.124
5655,1.128
5656,1.134
5657,1.139
5658,1.144
5659,1.149
5660,1.159
5661,1.154
5662,1.168
5663,1.168
5664,1.175
5665,1.178
5666,1.184
5667,1.19
5668,1.194
5669,1.199
5670,1.204
5671,1.209
5672,1.213
5673,1.218
5674,1.223
5675,1.227
5676,1.231
5677,1.24
5678,1.24
5679,1.244
5680,1.248
5681,1.253
5682,1.256
5683,1.26
5684,1.266
5685,1.267
5686,1.271
5687,1.276
5688,1.278
5689,1.281
5690,1.288
5691,1.288
5692,1.291
5693,1.293
5694,1.297
5695,1.301
5696,1.303
5697,1.306
5698,1.309
5699,1.312
5700,1.318
5701,1.318
5702,1.319
5703,1.326
5704,1.327
5705,1.327
5706,1.33
5707,1.333
5708,1.336
5709,1.339
5710,1.342
5711,1.344
5712,1.347
5713,1.348
5714,1.35
5715,1.354
5716,1.357
5717,1.359
5718,1.362
5719,1.364
5720,1.367
5721,1.37
5722,1.372
5723,1.375
5724,1.376
5725,1.379
5726,1.382
5727,1.384
5728,1.389
5729,1.386
5730,1.392
5731,1.393
5732,1.395
5733,1.399
5734,1.404
5735,1.404
5736,1.405
5737,1.408
5738,1.412
5739,1.412
5740,1.415
5741,1.417
5742,1.42
5743,1.425
5744,1.425
5745,1.426
5746,1.428
5747,1.431
5748,1.434
5749,1.436
5750,1.439
5751,1.439
5752,1.442
5753,1.445
5754,1.449
5755,1.449
5756,1.449
5757,1.454
5758,1.454
5759,1.455
5760,1.461
5761,1.461
5762,1.461
5763,1.464
5764,1.467
5765,1.467
5766,1.469
5767,1.471
5768,1.472
5769,1.475
5770,1.475
5771,1.478
5772,1.479
5773,1.48
5774,1.482
5775,1.482
5776,1.484
5777,1.486
5778,1.486
5779,1.488
5780,1.49
5781,1.49
5782,1.494
5783,1.494
5784,1.492
5785,1.494
5786,1.494
5787,1.495
5788,1.497
5789,1.497
5790,1.498
5791,1.498
5792,1.497
5793,1.499
5794,1.498
5795,1.5
5796,1.498
5797,1.499
5798,1.499
5799,1.499
5800,1.498
5801,1.498
5802,1.499
5803,1.498
5804,1.498
5805,1.498
5806,1.496
5807,1.496
5808,1.495
5809,1.493
5810,1.495
5811,1.492
5812,1.489
5813,1.489
5814,1.488
5815,1.484
5816,1.484
5817,1.481
5818,1.481
5819,1.479
5820,1.478
5821,1.476
5822,1.473
5823,1.473
5824,1.469
5825,1.465
5826,1.465
5827,1.461
5828,1.461
5829,1.457
5830,1.453
5831,1.45
5832,1.448
5833,1.445
5834,1.441
5835,1.439
5836,1.435
5837,1.432
5838,1.428
5839,1.425
5840,1.423
5841,1.419
5842,1.412
5843,1.408
5844,1.405
5845,1.399
5846,1.399
5847,1.397
5848,1.392
5849,1.387
5850,1.383
5851,1.38
5852,1.373
5853,1.369
5854,1.365
5855,1.365
5856,1.36
5857,1.357
5858,1.35
5859,1.348
5860,1.344
5861,1.342
5862,1.337
5863,1.332
5864,1.329
5865,1.324
5866,1.319
5867,1.316
5868,1.311
5869,1.305
5870,1.305
5871,1.3
5872,1.297
5873,1.289
5874,1.285
5875,1.283
5876,1.283
5877,1.278
5878,1.271
5879,1.271
5880,1.265
5881,1.265
5882,1.261
5883,1.258
5884,1.255
5885,1.251
5886,1.251
5887,1.244
5888,1.244
5889,1.242
5890,1.238
5891,1.236
5892,1.234
5893,1.231
5894,1.229
5895,1.228
5896,1.226
5897,1.222
5898,1.221
5899,1.22
5900,1.218
5901,1.217
5902,1.216
5903,1.214
5904,1.213
5905,1.212
5906,1.211
5907,1.211
5908,1.209
5909,1.21
5910,1.208
5911,1.209
5912,1.209
5913,1.209
5914,1.209
5915,1.209
5916,1.209
5917,1.21
5918,1.211
5919,1.211
5920,1.213
5921,1.214
5922,1.216
5923,1.217
5924,1.218
5925,1.221
5926,1.223
5927,1.223
5928,1.224
5929,1.225
5930,1.231
5931,1.231
5932,1.235
5933,1.235
5934,1.239
5935,1.242
5936,1.242
5937,1.246
5938,1.251
5939,1.252
5940,1.255
5941,1.258
5942,1.261
5943,1.264
5944,1.268
5945,1.272
5946,1.275
5947,1.279
5948,1.282
5949,1.285
5950,1.289
5951,1.293
5952,1.296
5953,1.299
5954,1.304
5955,1.307
5956,1.311
5957,1.316
5958,1.318
5959,1.327
5960,1.327
5961,1.331
5962,1.339
5963,1.339
5964,1.343
5965,1.351
5966,1.351
5967,1.355
5968,1.367
5969,1.359
5970,1.367
5971,1.37
5972,1.375
5973,1.378
5974,1.381
5975,1.386
5976,1.39
5977,1.397
5978,1.397
5979,1.401
5980,1.405
5981,1.408
5982,1.41
5983,1.414
5984,1.422
5985,1.422
5986,1.423
5987,1.427
5988,1.431
5989,1.434
5990,1.44
5991,1.44
5992,1.445
5993,1.45
5994,1.453
5995,1.455
5996,1.455
5997,1.459
5998,1.462
5999,1.465