,value
0,0
1,0
2,0
3,0
4,0
5,0
6,0
7,0
8,0
9,0
10,0
11,0
12,0
13,0
14,0
15,0
16,0
17,0
18,0
19,0
20,0
21,0
22,0
23,0
24,0
25,0
26,0
27,0
28,0
29,0
30,0
31,0
32,0
33,0
34,0
35,0
36,0
37,0
38,0
39,0
40,0
41,0
42,0
43,0
44,0
45,0
46,0
47,0
48,0
49,0
50,0
51,0
52,0
53,0
54,0
55,0
56,0
57,0
58,0
59,0
60,0
61,0
62,0
63,0
64,0
65,0
66,0
67,0
68,0
69,0
70,0
71,0
72,0
73,0
74,0
75,0
76,0
77,0
78,0
79,0
80,0
81,0
82,0
83,0
84,0
85,0
86,0
87,0
88,0
89,0
90,0
91,0
92,0
93,0
94,0
95,0
96,0
97,0
98,0
99,0
100,0
101,0
102,0
103,0
104,0
105,0
106,0
107,0
108,0
109,0
110,0
111,0
112,0
113,0
114,0
115,0
116,0
117,0
118,0
119,0
120,0
121,0
122,0
123,0
124,0
125,0
126,0
127,0
128,0
129,0
130,0
131,0
132,0
133,0
134,0
135,0
136,0
137,0
138,0
139,0
140,0
141,0
142,0
143,0
144,0
145,0
146,0
147,0
148,0
149,0
150,0
151,0
152,0
153,0
154,0
155,0
156,0
157,0
158,0
159,0
160,0
161,0
162,0
163,0
164,0
165,0
166,0
167,0
168,0
169,0
170,0
171,0
172,0
173,0
174,0
175,0
176,0
177,0
178,0
179,0
180,0
181,0
182,0
183,0
184,0
185,0
186,0
187,0
188,0
189,0
190,0
191,0
192,0
193,0
194,0
195,0
196,0
197,0
198,0
199,0
200,0
201,0
202,0
203,0
204,0
205,0
206,0
207,0
208,0
209,0
210,0
211,0
212,0
213,0
214,0
215,0
216,0
217,0
218,0
219,0
220,0
221,0
222,0
223,0
224,0
225,0
226,0
227,0
228,0
229,0
230,0
231,0
232,0
233,0
234,0
235,0
236,0
237,0
238,0
239,0
240,0
241,0
242,0
243,0
244,0
245,0
246,0
247,0
248,0
249,0
250,0
251,0
252,0
253,0
254,0
255,0
256,0
257,0
258,0
259,0
260,0
261,0
262,0
263,0
264,0
265,0
266,0
267,0
268,0
269,0
270,0
271,0
272,0
273,0
274,0
275,0
276,0
277,0
278,0
279,0
280,0
281,0
282,0
283,0
284,0
285,0
286,0
287,0
288,0
289,0
290,0
291,0
292,0
293,0
294,0
295,0
296,0
297,0
298,0
299,0
300,0
301,0
302,0
303,0
304,0
305,0
306,0
307,0
308,0
309,0
310,0
311,0
312,0
313,0
314,0
315,0
316,0
317,0
318,0
319,0
320,0
321,0
322,0
323,0
324,0
325,0
326,0
327,0
328,0
329,0
330,0
331,0
332,0
333,0
334,0
335,0
336,0
337,0
338,0
339,0
340,0
341,0
342,0
343,0
344,0
345,0
346,0
347,0
348,0
349,0
350,0
351,0
352,0
353,0
354,0
355,0
356,0
357,0
358,0
359,0
360,0
361,0
362,0
363,0
364,0
365,0
366,0
367,0
368,0
369,0
370,0
371,0
372,0
373,0
374,0
375,0
376,0
377,0
378,0
379,0
380,0
381,0
382,0
383,0
384,0
385,0
386,0
387,0
388,0
389,0
390,0
391,0
392,0
393,0
394,0
395,0
396,0
397,0
398,0
399,0
400,0
401,0
402,0
403,0
404,0
405,0
406,0
407,0
408,0
409,0
410,0
411,0
412,0
413,0
414,0
415,0
416,0
417,0
418,0
419,0
420,0
421,0
422,0
423,0
424,0
425,0
426,0
427,0
428,0
429,0
430,0
431,0
432,0
433,0
434,0
435,0
436,0
437,0
438,0
439,0
440,0
441,0
442,0
443,0
444,0
445,0
446,0
447,0
448,0
449,0
450,0
451,0
452,0
453,0
454,0
455,0
456,0
457,0
458,0
459,0
460,0
461,0
462,0
463,0
464,0
465,0
466,0
467,0
468,0
469,0
470,0
471,0
472,0
473,0
474,0
475,0
476,0
477,0
478,0
479,0
480,0
481,0
482,0
483,0
484,0
485,0
486,0
487,0
488,0
489,0
490,0
491,0
492,0
493,0
494,0
495,0
496,0
497,0
498,0
499,0
500,0
501,0
502,0
503,0
504,0
505,0
506,0
507,0
508,0
509,0
510,0
511,0
512,0
513,0
514,0
515,0
516,0
517,0
518,0
519,0
520,0
521,0
522,0
523,0
524,0
525,0
526,0
527,0
528,0
529,0
530,0
531,0
532,0
533,0
534,0
535,0
536,0
537,0
538,0
539,0
540,0
541,0
542,0
543,0
544,0
545,0
546,0
547,0
548,0
549,0
550,0
551,0
552,0
553,0
554,0
555,0
556,0
557,0
558,0
559,0
560,0
561,0
562,0
563,0
564,0
565,0
566,0
567,0
568,0
569,0
570,0
571,0
572,0
573,0
574,0
575,0
576,0
577,0
578,0
579,0
580,0
581,0
582,0
583,0
584,0
585,0
586,0
587,0
588,0
589,0
590,0
591,0
592,0
593,0
594,0
595,0
596,0
597,0
598,0
599,0
600,0
601,0
602,0
603,0
604,0
605,0
606,0
607,0
608,0
609,0
610,0
611,0
612,0
613,0
614,0
615,0
616,0
617,0
618,0
619,0
620,0
621,0
622,0
623,0
624,0
625,0
626,0
627,0
628,0
629,0
630,0
631,0
632,0
633,0
634,0
635,0
636,0
637,0
638,0
639,0
640,0
641,0
642,0
643,0
644,0
645,0
646,0
647,0
648,0
649,0
650,0
651,0
652,0
653,0
654,0
655,0
656,0
657,0
658,0
659,0
660,0
661,0
662,0
663,0
664,0
665,0
666,0
667,0
668,0
669,0
670,0
671,0
672,0
673,0
674,0
675,0
676,0
677,0
678,0
679,0
680,0
681,0
682,0
683,0
684,0
685,0
686,0
687,0
688,0
689,0
690,0
691,0
692,0
693,0
694,0
695,0
696,0
697,0
698,0
699,0
700,0
701,0
702,0
703,0
704,0
705,0
706,0
707,0
708,0
709,0
710,0
711,0
712,0
713,0
714,0
715,0
716,0
717,0
718,0
719,0
720,0
721,0
722,0
723,0
724,0
725,0
726,0
727,0
728,0
729,0
730,0
731,0
732,0
733,0
734,0
735,0
736,0
737,0
738,0
739,0
740,0
741,0
742,0
743,0
744,0
745,0
746,0
747,0
748,0
749,0
750,0
751,0
752,0
753,0
754,0
755,0
756,0
757,0
758,0
759,0
760,0
761,0
762,0
763,0
764,0
765,0
766,0
767,0
768,0
769,0
770,0
771,0
772,0
773,0
774,0
775,0
776,0
777,0
778,0
779,0
780,0
781,0
782,0
783,0
784,0
785,0
786,0
787,0
788,0
789,0
790,0
791,0
792,0
793,0
794,0
795,0
796,0
797,0
798,0
799,0
800,0
801,0
802,0
803,0
804,0
805,0
806,0
807,0
808,0
809,0
810,0
811,0
812,0
813,0
814,0
815,0
816,0
817,0
818,0
819,0
820,0
821,0
822,0
823,0
824,0
825,0
826,0
827,0
828,0
829,0
830,0
831,0
832,0
833,0
834,0
835,0
836,0
837,0
838,0
839,0
840,0
841,0
842,0
843,0
844,0
845,0
846,0
847,0
848,0
849,0
850,0
851,0
852,0
853,0
854,0
855,0
856,0
857,0
858,0
859,0
860,0
861,0
862,0
863,0
864,0
865,0
866,0
867,0
868,0
869,0
870,0
871,0
872,0
873,0
874,0
875,0
876,0
877,0
878,0
879,0
880,0
881,0
882,0
883,0
884,0
885,0
886,0
887,0
888,0
889,0
890,0
891,0
892,0
893,0
894,0
895,0
896,0
897,0
898,0
899,0
900,0
901,0
902,0
903,0
904,0
905,0
906,0
907,0
908,0
909,0
910,0
911,0
912,0
913,0
914,0
915,0
916,0
917,0
918,0
919,0
920,0
921,0
922,0
923,0
924,0
925,0
926,0
927,0
928,0
929,0
930,0
931,0
932,0
933,0
934,0
935,0
936,0
937,0
938,0
939,0
940,0
941,0
942,0
943,0
944,0
945,0
946,0
947,0
948,0
949,0
950,0
951,0
952,0
953,0
954,0
955,0
956,0
957,0
958,0
959,0
960,0
961,0
962,0
963,0
964,0
965,0
966,0
967,0
968,0
969,0
970,0
971,0
972,0
973,0
974,0
975,0
976,0
977,0
978,0
979,0
980,0
981,0
982,0
983,0
984,0
985,0
986,0
987,0
988,0
989,0
990,0
991,0
992,0
993,0
994,0
995,0
996,0
997,0
998,0
999,0
1000,0
1001,0
1002,0
1003,0
1004,0
1005,0
1006,0
1007,0
1008,0
1009,0
1010,0
1011,0
1012,0
1013,0
1014,0
1015,0
1016,0
1017,0
1018,0
1019,0
1020,0
1021,0
1022,0
1023,0
1024,0
1025,0
1026,0
1027,0
1028,0
1029,0
1030,0
1031,0
1032,0
1033,0
1034,0
1035,0
1036,0
1037,0
1038,0
1039,0
1040,0
1041,0
1042,0
1043,0
1044,0
1045,0
1046,0
1047,0
1048,0
1049,0
1050,0
1051,0
1052,0
1053,0
1054,0
1055,0
1056,0
1057,0
1058,0
1059,0
1060,0
1061,0
1062,0
1063,0
1064,0
1065,0
1066,0
1067,0
1068,0
1069,0
1070,0
1071,0
1072,0
1073,0
1074,0
1075,0
1076,0
1077,0
1078,0
1079,0
1080,0
1081,0
1082,0
1083,0
1084,0
1085,0
1086,0
1087,0
1088,0
1089,0
1090,0
1091,0
1092,0
1093,0
1094,0
1095,0
1096,0
1097,0
1098,0
1099,0
1100,0
1101,0
1102,0
1103,0
1104,0
1105,0
1106,0
1107,0
1108,0
1109,0
1110,0
1111,0
1112,0
1113,0
1114,0
1115,0
1116,0
1117,0
1118,0
1119,0
1120,0
1121,0
1122,0
1123,0
1124,0
1125,0
1126,0
1127,0
1128,0
1129,0
1130,0
1131,0
1132,0
1133,0
1134,0
1135,0
1136,0
1137,0
1138,0
1139,0
1140,0
1141,0
1142,0
1143,0
1144,0
1145,0
1146,0
1147,0
1148,0
1149,0
1150,0
1151,0
1152,0
1153,0
1154,0
1155,0
1156,0
1157,0
1158,0
1159,0
1160,0
1161,0
1162,0
1163,0
1164,0
1165,0
1166,0
1167,0
1168,0
1169,0
1170,0
1171,0
1172,0
1173,0
1174,0
1175,0
1176,0
1177,0
1178,0
1179,0
1180,0
1181,0
1182,0
1183,0
1184,0
1185,0
1186,0
1187,0
1188,0
1189,0
1190,0
1191,0
1192,0
1193,0
1194,0
1195,0
1196,0
1197,0
1198,0
1199,0
1200,0
1201,0
1202,0
1203,0
1204,0
1205,0
1206,0
1207,0
1208,0
1209,0
1210,0
1211,0
1212,0
1213,0
1214,0
1215,0
1216,0
1217,0
1218,0
1219,0
1220,0
1221,0
1222,0
1223,0
1224,0
1225,0
1226,0
1227,0
1228,0
1229,0
1230,0
1231,0
1232,0
1233,0
1234,0
1235,0
1236,0
1237,0
1238,0
1239,0
1240,0
1241,0
1242,0
1243,0
1244,0
1245,0
1246,0
1247,0
1248,0
1249,0
1250,0
1251,0
1252,0
1253,0
1254,0
1255,0
1256,0
1257,0
1258,0
1259,0
1260,0
1261,0
1262,0
1263,0
1264,0
1265,0
1266,0
1267,0
1268,0
1269,0
1270,0
1271,0
1272,0
1273,0
1274,0
1275,0
1276,0
1277,0
1278,0
1279,0
1280,0
1281,0
1282,0
1283,0
1284,0
1285,0
1286,0
1287,0
1288,0
1289,0
1290,0
1291,0
1292,0
1293,0
1294,0
1295,0
1296,0
1297,0
1298,0
1299,0
1300,0
1301,0
1302,0
1303,0
1304,0
1305,0
1306,0
1307,0
1308,0
1309,0
1310,0
1311,0
1312,0
1313,0
1314,0
1315,0
1316,0
1317,0
1318,0
1319,0
1320,0
1321,0
1322,0
1323,0
1324,0
1325,0
1326,0
1327,0
1328,0
1329,0
1330,0
1331,0
1332,0
1333,0
1334,0
1335,0
1336,0
1337,0
1338,0
1339,0
1340,0
1341,0
1342,0
1343,0
1344,0
1345,0
1346,0
1347,0
1348,0
1349,0
1350,0
1351,0
1352,0
1353,0
1354,0
1355,0
1356,0
1357,0
1358,0
1359,0
1360,0
1361,0
1362,0
1363,0
1364,0
1365,0
1366,0
1367,0
1368,0
1369,0
1370,0
1371,0
1372,0
1373,0
1374,0
1375,0
1376,0
1377,0
1378,0
1379,0
1380,0
1381,0
1382,0
1383,0
1384,0
1385,0
1386,0
1387,0
1388,0
1389,0
1390,0
1391,0
1392,0
1393,0
1394,0
1395,0
1396,0
1397,0
1398,0
1399,0
1400,0
1401,0
1402,0
1403,0
1404,0
1405,0
1406,0
1407,0
1408,0
1409,0
1410,0
1411,0
1412,0
1413,0
1414,0
1415,0
1416,0
1417,0
1418,0
1419,0
1420,0
1421,0
1422,0
1423,0
1424,0
1425,0
1426,0
1427,0
1428,0
1429,0
1430,0
1431,0
1432,0
1433,0
1434,0
1435,0
1436,0
1437,0
1438,0
1439,0
1440,0
1441,0
1442,0
1443,0
1444,0
1445,0
1446,0
1447,0
1448,0
1449,0
1450,0
1451,0
1452,0
1453,0
1454,0
1455,0
1456,0
1457,0
1458,0
1459,0
1460,0
1461,0
1462,0
1463,0
1464,0
1465,0
1466,0
1467,0
1468,0
1469,0
1470,0
1471,0
1472,0
1473,0
1474,0
1475,0
1476,0
1477,0
1478,0
1479,0
1480,0
1481,0
1482,0
1483,0
1484,0
1485,0
1486,0
1487,0
1488,0
1489,0
1490,0
1491,0
1492,0
1493,0
1494,0
1495,0
1496,0
1497,0
1498,0
1499,0
1500,0
1501,0
1502,0
1503,0
1504,0
1505,0
1506,0
1507,0
1508,0
1509,0
1510,0
1511,0
1512,0
1513,0
1514,0
1515,0
1516,0
1517,0
1518,0
1519,0
1520,0
1521,0
1522,0
1523,0
1524,0
1525,0
1526,0
1527,0
1528,0
1529,0
1530,0
1531,0
1532,0
1533,0
1534,0
1535,0
1536,0
1537,0
1538,0
1539,0
1540,0
1541,0
1542,0
1543,0
1544,0
1545,0
1546,0
1547,0
1548,0
1549,0
1550,0
1551,0
1552,0
1553,0
1554,0
1555,0
1556,0
1557,0
1558,0
1559,0
1560,0
1561,0
1562,0
1563,0
1564,0
1565,0
1566,0
1567,0
1568,0
1569,0
1570,0
1571,0
1572,0
1573,0
1574,0
1575,0
1576,0
1577,0
1578,0
1579,0
1580,0
1581,0
1582,0
1583,0
1584,0
1585,0
1586,0
1587,0
1588,0
1589,0
1590,0
1591,0
1592,0
1593,0
1594,0
1595,0
1596,0
1597,0
1598,0
1599,0
1600,0
1601,0
1602,0
1603,0
1604,0
1605,0
1606,0
1607,0
1608,0
1609,0
1610,0
1611,0
1612,0
1613,0
1614,0
1615,0
1616,0
1617,0
1618,0
1619,0
1620,0
1621,0
1622,0
1623,0
1624,0
1625,0
1626,0
1627,0
1628,0
1629,0
1630,0
1631,0
1632,0
1633,0
1634,0
1635,0
1636,0
1637,0
1638,0
1639,0
1640,0
1641,0
1642,0
1643,0
1644,0
1645,0
1646,0
1647,0
1648,0
1649,0
1650,0
1651,0
1652,0
1653,0
1654,0
1655,0
1656,0
1657,0
1658,0
1659,0
1660,0
1661,0
1662,0
1663,0
1664,0
1665,0
1666,0
1667,0
1668,0
1669,0
1670,0
1671,0
1672,0
1673,0
1674,0
1675,0
1676,0
1677,0
1678,0
1679,0
1680,0
1681,0
1682,0
1683,0
1684,0
1685,0
1686,0
1687,0
1688,0
1689,0
1690,0
1691,0
1692,0
1693,0
1694,0
1695,0
1696,0
1697,0
1698,0
1699,0
1700,0
1701,0
1702,0
1703,0
1704,0
1705,0
1706,0
1707,0
1708,0
1709,0
1710,0
1711,0
1712,0
1713,0
1714,0
1715,0
1716,0
1717,0
1718,0
1719,0
1720,0
1721,0
1722,0
1723,0
1724,0
1725,0
1726,0
1727,0
1728,0
1729,0
1730,0
1731,0
1732,0
1733,0
1734,0
1735,0
1736,0
1737,0
1738,0
1739,0
1740,0
1741,0
1742,0
1743,0
1744,0
1745,0
1746,0
1747,0
1748,0
1749,0
1750,0
1751,0
1752,0
1753,0
1754,0
1755,0
1756,0
1757,0
1758,0
1759,0
1760,0
1761,0
1762,0
1763,0
1764,0
1765,0
1766,0
1767,0
1768,0
1769,0
1770,0
1771,0
1772,0
1773,0
1774,0
1775,0
1776,0
1777,0
1778,0
1779,0
1780,0
1781,0
1782,0
1783,0
1784,0
1785,0
1786,0
1787,0
1788,0
1789,0
1790,0
1791,0
1792,0
1793,0
1794,0
1795,0
1796,0
1797,0
1798,0
1799,0
1800,0
1801,0
1802,0
1803,0
1804,0
1805,0
1806,0
1807,0
1808,0
1809,0
1810,0
1811,0
1812,0
1813,0
1814,0
1815,0
1816,0
1817,0
1818,0
1819,0
1820,0
1821,0
1822,0
1823,0
1824,0
1825,0
1826,0
1827,0
1828,0
1829,0
1830,0
1831,0
1832,0
1833,0
1834,0
1835,0
1836,0
1837,0
1838,0
1839,0
1840,0
1841,0
1842,0
1843,0
1844,0
1845,0
1846,0
1847,0
1848,0
1849,0
1850,0
1851,0
1852,0
1853,0
1854,0
1855,0
1856,0
1857,0
1858,0
1859,0
1860,0
1861,0
1862,0
1863,0
1864,0
1865,0
1866,0
1867,0
1868,0
1869,0
1870,0
1871,0
1872,0
1873,0
1874,0
1875,0
1876,0
1877,0
1878,0
1879,0
1880,0
1881,0
1882,0
1883,0
1884,0
1885,0
1886,0
1887,0
1888,0
1889,0
1890,0
1891,0
1892,0
1893,0
1894,0
1895,0
1896,0
1897,0
1898,0
1899,0
1900,0
1901,0
1902,0
1903,0
1904,0
1905,0
1906,0
1907,0
1908,0
1909,0
1910,0
1911,0
1912,0
1913,0
1914,0
1915,0
1916,0
1917,0
1918,0
1919,0
1920,0
1921,0
1922,0
1923,0
1924,0
1925,0
1926,0
1927,0
1928,0
1929,0
1930,0
1931,0
1932,0
1933,0
1934,0
1935,0
1936,0
1937,0
1938,0
1939,0
1940,0
1941,0
1942,0
1943,0
1944,0
1945,0
1946,0
1947,0
1948,0
1949,0
1950,0
1951,0
1952,0
1953,0
1954,0
1955,0
1956,0
1957,0
1958,0
1959,0
1960,0
1961,0
1962,0
1963,0
1964,0
1965,0
1966,0
1967,0
1968,0
1969,0
1970,0
1971,0
1972,0
1973,0
1974,0
1975,0
1976,0
1977,0
1978,0
1979,0
1980,0
1981,0
1982,0
1983,0
1984,0
1985,0
1986,0
1987,0
1988,0
1989,0
1990,0
1991,0
1992,0
1993,0
1994,0
1995,0
1996,0
1997,0
1998,0
1999,0
2000,0
2001,0
2002,0
2003,0
2004,0
2005,0
2006,0
2007,0
2008,0
2009,0
2010,0
2011,0
2012,0
2013,0
2014,0
2015,0
2016,0
2017,0
2018,0
2019,0
2020,0
2021,0
2022,0
2023,0
2024,0
2025,0
2026,0
2027,0
2028,0
2029,0
2030,0
2031,0
2032,0
2033,0
2034,0
2035,0
2036,0
2037,0
2038,0
2039,0
2040,0
2041,0
2042,0
2043,0
2044,0
2045,0
2046,0
2047,0
2048,0
2049,0
2050,0
2051,0
2052,0
2053,0
2054,0
2055,0
2056,0
2057,0
2058,0
2059,0
2060,0
2061,0
2062,0
2063,0
2064,0
2065,0
2066,0
2067,0
2068,0
2069,0
2070,0
2071,0
2072,0
2073,0
2074,0
2075,0
2076,0
2077,0
2078,0
2079,0
2080,0
2081,0
2082,0
2083,0
2084,0
2085,0
2086,0
2087,0
2088,0
2089,0
2090,0
2091,0
2092,0
2093,0
2094,0
2095,0
2096,0
2097,0
2098,0
2099,0
2100,0
2101,0
2102,0
2103,0
2104,0
2105,0
2106,0
2107,0
2108,0
2109,0
2110,0
2111,0
2112,0
2113,0
2114,0
2115,0
2116,0
2117,0
2118,0
2119,0
2120,0
2121,0
2122,0
2123,0
2124,0
2125,0
2126,0
2127,0
2128,0
2129,0
2130,0
2131,0
2132,0
2133,0
2134,0
2135,0
2136,0
2137,0
2138,0
2139,0
2140,0
2141,0
2142,0
2143,0
2144,0
2145,0
2146,0
2147,0
2148,0
2149,0
2150,0
2151,0
2152,0
2153,0
2154,0
2155,0
2156,0
2157,0
2158,0
2159,0
2160,0
2161,0
2162,0
2163,0
2164,0
2165,0
2166,0
2167,0
2168,0
2169,0
2170,0
2171,0
2172,0
2173,0
2174,0
2175,0
2176,0
2177,0
2178,0
2179,0
2180,0
2181,0
2182,0
2183,0
2184,0
2185,0
2186,0
2187,0
2188,0
2189,0
2190,0
2191,0
2192,0
2193,0
2194,0
2195,0
2196,0
2197,0
2198,0
2199,0
2200,0
2201,0
2202,0
2203,0
2204,0
2205,0
2206,0
2207,0
2208,0
2209,0
2210,0
2211,0
2212,0
2213,0
2214,0
2215,0
2216,0
2217,0
2218,0
2219,0
2220,0
2221,0
2222,0
2223,0
2224,0
2225,0
2226,0
2227,0
2228,0
2229,0
2230,0
2231,0
2232,0
2233,0
2234,0
2235,0
2236,0
2237,0
2238,0
2239,0
2240,0
2241,0
2242,0
2243,0
2244,0
2245,0
2246,0
2247,0
2248,0
2249,0
2250,0
2251,0
2252,0
2253,0
2254,0
2255,0
2256,0
2257,0
2258,0
2259,0
2260,0
2261,0
2262,0
2263,0
2264,0
2265,0
2266,0
2267,0
2268,0
2269,0
2270,0
2271,0
2272,0
2273,0
2274,0
2275,0
2276,0
2277,0
2278,0
2279,0
2280,0
2281,0
2282,0
2283,0
2284,0
2285,0
2286,0
2287,0
2288,0
2289,0
2290,0
2291,0
2292,0
2293,0
2294,0
2295,0
2296,0
2297,0
2298,0
2299,0
2300,0
2301,0
2302,0
2303,0
2304,0
2305,0
2306,0
2307,0
2308,0
2309,0
2310,0
2311,0
2312,0
2313,0
2314,0
2315,0
2316,0
2317,0
2318,0
2319,0
2320,0
2321,0
2322,0
2323,0
2324,0
2325,0
2326,0
2327,0
2328,0
2329,0
2330,0
2331,0
2332,0
2333,0
2334,0
2335,0
2336,0
2337,0
2338,0
2339,0
2340,0
2341,0
2342,0
2343,0
2344,0
2345,0
2346,0
2347,0
2348,0
2349,0
2350,0
2351,0
2352,0
2353,0
2354,0
2355,0
2356,0
2357,0
2358,0
2359,0
2360,0
2361,0
2362,0
2363,0
2364,0
2365,0
2366,0
2367,0
2368,0
2369,0
2370,0
2371,0
2372,0
2373,0
2374,0
2375,0
2376,0
2377,0
2378,0
2379,0
2380,0
2381,0
2382,0
2383,0
2384,0
2385,0
2386,0
2387,0
2388,0
2389,0
2390,0
2391,0
2392,0
2393,0
2394,0
2395,0
2396,0
2397,0
2398,0
2399,0
2400,100
2401,100
2402,100
2403,100
2404,100
2405,100
2406,100
2407,100
2408,100
2409,100
2410,100
2411,100
2412,100
2413,100
2414,100
2415,100
2416,100
2417,100
2418,100
2419,100
2420,100
2421,100
2422,100
2423,100
2424,100
2425,100
2426,100
2427,100
2428,100
2429,100
2430,100
2431,100
2432,100
2433,100
2434,100
2435,100
2436,100
2437,100
2438,100
2439,100
2440,100
2441,100
2442,100
2443,100
2444,100
2445,100
2446,100
2447,100
2448,100
2449,100
2450,100
2451,100
2452,100
2453,100
2454,100
2455,100
2456,100
2457,100
2458,100
2459,100
2460,100
2461,100
2462,100
2463,100
2464,100
2465,100
2466,100
2467,100
2468,100
2469,100
2470,100
2471,100
2472,100
2473,100
2474,100
2475,100
2476,100
2477,100
2478,100
2479,100
2480,100
2481,100
2482,100
2483,100
2484,100
2485,100
2486,100
2487,100
2488,100
2489,100
2490,100
2491,100
2492,100
2493,100
2494,100
2495,100
2496,100
2497,100
2498,100
2499,100
2500,100
2501,100
2502,100
2503,100
2504,100
2505,100
2506,100
2507,100
2508,100
2509,100
2510,100
2511,100
2512,100
2513,100
2514,100
2515,100
2516,100
2517,100
2518,100
2519,100
2520,100
2521,100
2522,100
2523,100
2524,100
2525,100
2526,100
2527,100
2528,100
2529,100
2530,100
2531,100
2532,100
2533,100
2534,100
2535,100
2536,100
2537,100
2538,100
2539,100
2540,100
2541,100
2542,100
2543,100
2544,100
2545,100
2546,100
2547,100
2548,100
2549,100
2550,100
2551,100
2552,100
2553,100
2554,100
2555,100
2556,100
2557,100
2558,100
2559,100
2560,100
2561,100
2562,100
2563,100
2564,100
2565,100
2566,100
2567,100
2568,100
2569,100
2570,100
2571,100
2572,100
2573,100
2574,100
2575,100
2576,100
2577,100
2578,100
2579,100
2580,100
2581,100
2582,100
2583,100
2584,100
2585,100
2586,100
2587,100
2588,100
2589,100
2590,100
2591,100
2592,100
2593,100
2594,100
2595,100
2596,100
2597,100
2598,100
2599,100
2600,100
2601,100
2602,100
2603,100
2604,100
2605,100
2606,100
2607,100
2608,100
2609,100
2610,100
2611,100
2612,100
2613,100
2614,100
2615,100
2616,100
2617,100
2618,100
2619,100
2620,100
2621,100
2622,100
2623,100
2624,100
2625,100
2626,100
2627,100
2628,100
2629,100
2630,100
2631,100
2632,100
2633,100
2634,100
2635,100
2636,100
2637,100
2638,100
2639,100
2640,100
2641,100
2642,100
2643,100
2644,100
2645,100
2646,100
2647,100
2648,100
2649,100
2650,100
2651,100
2652,100
2653,100
2654,100
2655,100
2656,100
2657,100
2658,100
2659,100
2660,100
2661,100
2662,100
2663,100
2664,100
2665,100
2666,100
2667,100
2668,100
2669,100
2670,100
2671,100
2672,100
2673,100
2674,100
2675,100
2676,100
2677,100
2678,100
2679,100
2680,100
2681,100
2682,100
2683,100
2684,100
2685,100
2686,100
2687,100
2688,100
2689,100
2690,100
2691,100
2692,100
2693,100
2694,100
2695,100
2696,100
2697,100
2698,100
2699,100
2700,100
2701,100
2702,100
2703,100
2704,100
2705,100
2706,100
2707,100
2708,100
2709,100
2710,100
2711,100
2712,100
2713,100
2714,100
2715,100
2716,100
2717,100
2718,100
2719,100
2720,100
2721,100
2722,100
2723,100
2724,100
2725,100
2726,100
2727,100
2728,100
2729,100
2730,100
2731,100
2732,100
2733,100
2734,100
2735,100
2736,100
2737,100
2738,100
2739,100
2740,100
2741,100
2742,100
2743,100
2744,100
2745,100
2746,100
2747,100
2748,100
2749,100
2750,100
2751,100
2752,100
2753,100
2754,100
2755,100
2756,100
2757,100
2758,100
2759,100
2760,100
2761,100
2762,100
2763,100
2764,100
2765,100
2766,100
2767,100
2768,100
2769,100
2770,100
2771,100
2772,100
2773,100
2774,100
2775,100
2776,100
2777,100
2778,100
2779,100
2780,100
2781,100
2782,100
2783,100
2784,100
2785,100
2786,100
2787,100
2788,100
2789,100
2790,100
2791,100
2792,100
2793,100
2794,100
2795,100
2796,100
2797,100
2798,100
2799,100
2800,100
2801,100
2802,100
2803,100
2804,100
2805,100
2806,100
2807,100
2808,100
2809,100
2810,100
2811,100
2812,100
2813,100
2814,100
2815,100
2816,100
2817,100
2818,100
2819,100
2820,100
2821,100
2822,100
2823,100
2824,100
2825,100
2826,100
2827,100
2828,100
2829,100
2830,100
2831,100
2832,100
2833,100
2834,100
2835,100
2836,100
2837,100
2838,100
2839,100
2840,100
2841,100
2842,100
2843,100
2844,100
2845,100
2846,100
2847,100
2848,100
2849,100
2850,100
2851,100
2852,100
2853,100
2854,100
2855,100
2856,100
2857,100
2858,100
2859,100
2860,100
2861,100
2862,100
2863,100
2864,100
2865,100
2866,100
2867,100
2868,100
2869,100
2870,100
2871,100
2872,100
2873,100
2874,100
2875,100
2876,100
2877,100
2878,100
2879,100
2880,100
2881,100
2882,100
2883,100
2884,100
2885,100
2886,100
2887,100
2888,100
2889,100
2890,100
2891,100
2892,100
2893,100
2894,100
2895,100
2896,100
2897,100
2898,100
2899,100
2900,100
2901,100
2902,100
2903,100
2904,100
2905,100
2906,100
2907,100
2908,100
2909,100
2910,100
2911,100
2912,100
2913,100
2914,100
2915,100
2916,100
2917,100
2918,100
2919,100
2920,100
2921,100
2922,100
2923,100
2924,100
2925,100
2926,100
2927,100
2928,100
2929,100
2930,100
2931,100
2932,100
2933,100
2934,100
2935,100
2936,100
2937,100
2938,100
2939,100
2940,100
2941,100
2942,100
2943,100
2944,100
2945,100
2946,100
2947,100
2948,100
2949,100
2950,100
2951,100
2952,100
2953,100
2954,100
2955,100
2956,100
2957,100
2958,100
2959,100
2960,100
2961,100
2962,100
2963,100
2964,100
2965,100
2966,100
2967,100
2968,100
2969,100
2970,100
2971,100
2972,100
2973,100
2974,100
2975,100
2976,100
2977,100
2978,100
2979,100
2980,100
2981,100
2982,100
2983,100
2984,100
2985,100
2986,100
2987,100
2988,100
2989,100
2990,100
2991,100
2992,100
2993,100
2994,100
2995,100
2996,100
2997,100
2998,100
2999,100
3000,100
3001,100
3002,100
3003,100
3004,100
3005,100
3006,100
3007,100
3008,100
3009,100
3010,100
3011,100
3012,100
3013,100
3014,100
3015,100
3016,100
3017,100
3018,100
3019,100
3020,100
3021,100
3022,100
3023,100
3024,100
3025,100
3026,100
3027,100
3028,100
3029,100
3030,100
3031,100
3032,100
3033,100
3034,100
3035,100
3036,100
3037,100
3038,100
3039,100
3040,100
3041,100
3042,100
3043,100
3044,100
3045,100
3046,100
3047,100
3048,100
3049,100
3050,100
3051,100
3052,100
3053,100
3054,100
3055,100
3056,100
3057,100
3058,100
3059,100
3060,100
3061,100
3062,100
3063,100
3064,100
3065,100
3066,100
3067,100
3068,100
3069,100
3070,100
3071,100
3072,100
3073,100
3074,100
3075,100
3076,100
3077,100
3078,100
3079,100
3080,100
3081,100
3082,100
3083,100
3084,100
3085,100
3086,100
3087,100
3088,100
3089,100
3090,100
3091,100
3092,100
3093,100
3094,100
3095,100
3096,100
3097,100
3098,100
3099,100
3100,100
3101,100
3102,100
3103,100
3104,100
3105,100
3106,100
3107,100
3108,100
3109,100
3110,100
3111,100
3112,100
3113,100
3114,100
3115,100
3116,100
3117,100
3118,100
3119,100
3120,100
3121,100
3122,100
3123,100
3124,100
3125,100
3126,100
3127,100
3128,100
3129,100
3130,100
3131,100
3132,100
3133,100
3134,100
3135,100
3136,100
3137,100
3138,100
3139,100
3140,100
3141,100
3142,100
3143,100
3144,100
3145,100
3146,100
3147,100
3148,100
3149,100
3150,100
3151,100
3152,100
3153,100
3154,100
3155,100
3156,100
3157,100
3158,100
3159,100
3160,100
3161,100
3162,100
3163,100
3164,100
3165,100
3166,100
3167,100
3168,100
3169,100
3170,100
3171,100
3172,100
3173,100
3174,100
3175,100
3176,100
3177,100
3178,100
3179,100
3180,100
3181,100
3182,100
3183,100
3184,100
3185,100
3186,100
3187,100
3188,100
3189,100
3190,100
3191,100
3192,100
3193,100
3194,100
3195,100
3196,100
3197,100
3198,100
3199,100
3200,100
3201,100
3202,100
3203,100
3204,100
3205,100
3206,100
3207,100
3208,100
3209,100
3210,100
3211,100
3212,100
3213,100
3214,100
3215,100
3216,100
3217,100
3218,100
3219,100
3220,100
3221,100
3222,100
3223,100
3224,100
3225,100
3226,100
3227,100
3228,100
3229,100
3230,100
3231,100
3232,100
3233,100
3234,100
3235,100
3236,100
3237,100
3238,100
3239,100
3240,100
3241,100
3242,100
3243,100
3244,100
3245,100
3246,100
3247,100
3248,100
3249,100
3250,100
3251,100
3252,100
3253,100
3254,100
3255,100
3256,100
3257,100
3258,100
3259,100
3260,100
3261,100
3262,100
3263,100
3264,100
3265,100
3266,100
3267,100
3268,100
3269,100
3270,100
3271,100
3272,100
3273,100
3274,100
3275,100
3276,100
3277,100
3278,100
3279,100
3280,100
3281,100
3282,100
3283,100
3284,100
3285,100
3286,100
3287,100
3288,100
3289,100
3290,100
3291,100
3292,100
3293,100
3294,100
3295,100
3296,100
3297,100
3298,100
3299,100
3300,100
3301,100
3302,100
3303,100
3304,100
3305,100
3306,100
3307,100
3308,100
3309,100
3310,100
3311,100
3312,100
3313,100
3314,100
3315,100
3316,100
3317,100
3318,100
3319,100
3320,100
3321,100
3322,100
3323,100
3324,100
3325,100
3326,100
3327,100
3328,100
3329,100
3330,100
3331,100
3332,100
3333,100
3334,100
3335,100
3336,100
3337,100
3338,100
3339,100
3340,100
3341,100
3342,100
3343,100
3344,100
3345,100
3346,100
3347,100
3348,100
3349,100
3350,100
3351,100
3352,100
3353,100
3354,100
3355,100
3356,100
3357,100
3358,100
3359,100
3360,100
3361,100
3362,100
3363,100
3364,100
3365,100
3366,100
3367,100
3368,100
3369,100
3370,100
3371,100
3372,100
3373,100
3374,100
3375,100
3376,100
3377,100
3378,100
3379,100
3380,100
3381,100
3382,100
3383,100
3384,100
3385,100
3386,100
3387,100
3388,100
3389,100
3390,100
3391,100
3392,100
3393,100
3394,100
3395,100
3396,100
3397,100
3398,100
3399,100
3400,100
3401,100
3402,100
3403,100
3404,100
3405,100
3406,100
3407,100
3408,100
3409,100
3410,100
3411,100
3412,100
3413,100
3414,100
3415,100
3416,100
3417,100
3418,100
3419,100
3420,100
3421,100
3422,100
3423,100
3424,100
3425,100
3426,100
3427,100
3428,100
3429,100
3430,100
3431,100
3432,100
3433,100
3434,100
3435,100
3436,100
3437,100
3438,100
3439,100
3440,100
3441,100
3442,100
3443,100
3444,100
3445,100
3446,100
3447,100
3448,100
3449,100
3450,100
3451,100
3452,100
3453,100
3454,100
3455,100
3456,100
3457,100
3458,100
3459,100
3460,100
3461,100
3462,100
3463,100
3464,100
3465,100
3466,100
3467,100
3468,100
3469,100
3470,100
3471,100
3472,100
3473,100
3474,100
3475,100
3476,100
3477,100
3478,100
3479,100
3480,100
3481,100
3482,100
3483,100
3484,100
3485,100
3486,100
3487,100
3488,100
3489,100
3490,100
3491,100
3492,100
3493,100
3494,100
3495,100
3496,100
3497,100
3498,100
3499,100
3500,100
3501,100
3502,100
3503,100
3504,100
3505,100
3506,100
3507,100
3508,100
3509,100
3510,100
3511,100
3512,100
3513,100
3514,100
3515,100
3516,100
3517,100
3518,100
3519,100
3520,100
3521,100
3522,100
3523,100
3524,100
3525,100
3526,100
3527,100
3528,100
3529,100
3530,100
3531,100
3532,100
3533,100
3534,100
3535,100
3536,100
3537,100
3538,100
3539,100
3540,100
3541,100
3542,100
3543,100
3544,100
3545,100
3546,100
3547,100
3548,100
3549,100
3550,100
3551,100
3552,100
3553,100
3554,100
3555,100
3556,100
3557,100
3558,100
3559,100
3560,100
3561,100
3562,100
3563,100
3564,100
3565,100
3566,100
3567,100
3568,100
3569,100
3570,100
3571,100
3572,100
3573,100
3574,100
3575,100
3576,100
3577,100
3578,100
3579,100
3580,100
3581,100
3582,100
3583,100
3584,100
3585,100
3586,100
3587,100
3588,100
3589,100
3590,100
3591,100
3592,100
3593,100
3594,100
3595,100
3596,100
3597,100
3598,100
3599,100
3600,30
3601,30
3602,30
3603,30
3604,30
3605,30
3606,30
3607,30
3608,30
3609,30
3610,30
3611,30
3612,30
3613,30
3614,30
3615,30
3616,30
3617,30
3618,30
3619,30
3620,30
3621,30
3622,30
3623,30
3624,30
3625,30
3626,30
3627,30
3628,30
3629,30
3630,30
3631,30
3632,30
3633,30
3634,30
3635,30
3636,30
3637,30
3638,30
3639,30
3640,30
3641,30
3642,30
3643,30
3644,30
3645,30
3646,30
3647,30
3648,30
3649,30
3650,30
3651,30
3652,30
3653,30
3654,30
3655,30
3656,30
3657,30
3658,30
3659,30
3660,30
3661,30
3662,30
3663,30
3664,30
3665,30
3666,30
3667,30
3668,30
3669,30
3670,30
3671,30
3672,30
3673,30
3674,30
3675,30
3676,30
3677,30
3678,30
3679,30
3680,30
3681,30
3682,30
3683,30
3684,30
3685,30
3686,30
3687,30
3688,30
3689,30
3690,30
3691,30
3692,30
3693,30
3694,30
3695,30
3696,30
3697,30
3698,30
3699,30
3700,30
3701,30
3702,30
3703,30
3704,30
3705,30
3706,30
3707,30
3708,30
3709,30
3710,30
3711,30
3712,30
3713,30
3714,30
3715,30
3716,30
3717,30
3718,30
3719,30
3720,30
3721,30
3722,30
3723,30
3724,30
3725,30
3726,30
3727,30
3728,30
3729,30
3730,30
3731,30
3732,30
3733,30
3734,30
3735,30
3736,30
3737,30
3738,30
3739,30
3740,30
3741,30
3742,30
3743,30
3744,30
3745,30
3746,30
3747,30
3748,30
3749,30
3750,30
3751,30
3752,30
3753,30
3754,30
3755,30
3756,30
3757,30
3758,30
3759,30
3760,30
3761,30
3762,30
3763,30
3764,30
3765,30
3766,30
3767,30
3768,30
3769,30
3770,30
3771,30
3772,30
3773,30
3774,30
3775,30
3776,30
3777,30
3778,30
3779,30
3780,30
3781,30
3782,30
3783,30
3784,30
3785,30
3786,30
3787,30
3788,30
3789,30
3790,30
3791,30
3792,30
3793,30
3794,30
3795,30
3796,30
3797,30
3798,30
3799,30
3800,30
3801,30
3802,30
3803,30
3804,30
3805,30
3806,30
3807,30
3808,30
3809,30
3810,30
3811,30
3812,30
3813,30
3814,30
3815,30
3816,30
3817,30
3818,30
3819,30
3820,30
3821,30
3822,30
3823,30
3824,30
3825,30
3826,30
3827,30
3828,30
3829,30
3830,30
3831,30
3832,30
3833,30
3834,30
3835,30
3836,30
3837,30
3838,30
3839,30
3840,30
3841,30
3842,30
3843,30
3844,30
3845,30
3846,30
3847,30
3848,30
3849,30
3850,30
3851,30
3852,30
3853,30
3854,30
3855,30
3856,30
3857,30
3858,30
3859,30
3860,30
3861,30
3862,30
3863,30
3864,30
3865,30
3866,30
3867,30
3868,30
3869,30
3870,30
3871,30
3872,30
3873,30
3874,30
3875,30
3876,30
3877,30
3878,30
3879,30
3880,30
3881,30
3882,30
3883,30
3884,30
3885,30
3886,30
3887,30
3888,30
3889,30
3890,30
3891,30
3892,30
3893,30
3894,30
3895,30
3896,30
3897,30
3898,30
3899,30
3900,30
3901,30
3902,30
3903,30
3904,30
3905,30
3906,30
3907,30
3908,30
3909,30
3910,30
3911,30
3912,30
3913,30
3914,30
3915,30
3916,30
3917,30
3918,30
3919,30
3920,30
3921,30
3922,30
3923,30
3924,30
3925,30
3926,30
3927,30
3928,30
3929,30
3930,30
3931,30
3932,30
3933,30
3934,30
3935,30
3936,30
3937,30
3938,30
3939,30
3940,30
3941,30
3942,30
3943,30
3944,30
3945,30
3946,30
3947,30
3948,30
3949,30
3950,30
3951,30
3952,30
3953,30
3954,30
3955,30
3956,30
3957,30
3958,30
3959,30
3960,30
3961,30
3962,30
3963,30
3964,30
3965,30
3966,30
3967,30
3968,30
3969,30
3970,30
3971,30
3972,30
3973,30
3974,30
3975,30
3976,30
3977,30
3978,30
3979,30
3980,30
3981,30
3982,30
3983,30
3984,30
3985,30
3986,30
3987,30
3988,30
3989,30
3990,30
3991,30
3992,30
3993,30
3994,30
3995,30
3996,30
3997,30
3998,30
3999,30
4000,30
4001,30
4002,30
4003,30
4004,30
4005,30
4006,30
4007,30
4008,30
4009,30
4010,30
4011,30
4012,30
4013,30
4014,30
4015,30
4016,30
4017,30
4018,30
4019,30
4020,30
4021,30
4022,30
4023,30
4024,30
4025,30
4026,30
4027,30
4028,30
4029,30
4030,30
4031,30
4032,30
4033,30
4034,30
4035,30
4036,30
4037,30
4038,30
4039,30
4040,30
4041,30
4042,30
4043,30
4044,30
4045,30
4046,30
4047,30
4048,30
4049,30
4050,30
4051,30
4052,30
4053,30
4054,30
4055,30
4056,30
4057,30
4058,30
4059,30
4060,30
4061,30
4062,30
4063,30
4064,30
4065,30
4066,30
4067,30
4068,30
4069,30
4070,30
4071,30
4072,30
4073,30
4074,30
4075,30
4076,30
4077,30
4078,30
4079,30
4080,30
4081,30
4082,30
4083,30
4084,30
4085,30
4086,30
4087,30
4088,30
4089,30
4090,30
4091,30
4092,30
4093,30
4094,30
4095,30
4096,30
4097,30
4098,30
4099,30
4100,30
4101,30
4102,30
4103,30
4104,30
4105,30
4106,30
4107,30
4108,30
4109,30
4110,30
4111,30
4112,30
4113,30
4114,30
4115,30
4116,30
4117,30
4118,30
4119,30
4120,30
4121,30
4122,30
4123,30
4124,30
4125,30
4126,30
4127,30
4128,30
4129,30
4130,30
4131,30
4132,30
4133,30
4134,30
4135,30
4136,30
4137,30
4138,30
4139,30
4140,30
4141,30
4142,30
4143,30
4144,30
4145,30
4146,30
4147,30
4148,30
4149,30
4150,30
4151,30
4152,30
4153,30
4154,30
4155,30
4156,30
4157,30
4158,30
4159,30
4160,30
4161,30
4162,30
4163,30
4164,30
4165,30
4166,30
4167,30
4168,30
4169,30
4170,30
4171,30
4172,30
4173,30
4174,30
4175,30
4176,30
4177,30
4178,30
4179,30
4180,30
4181,30
4182,30
4183,30
4184,30
4185,30
4186,30
4187,30
4188,30
4189,30
4190,30
4191,30
4192,30
4193,30
4194,30
4195,30
4196,30
4197,30
4198,30
4199,30
4200,30
4201,30
4202,30
4203,30
4204,30
4205,30
4206,30
4207,30
4208,30
4209,30
4210,30
4211,30
4212,30
4213,30
4214,30
4215,30
4216,30
4217,30
4218,30
4219,30
4220,30
4221,30
4222,30
4223,30
4224,30
4225,30
4226,30
4227,30
4228,30
4229,30
4230,30
4231,30
4232,30
4233,30
4234,30
4235,30
4236,30
4237,30
4238,30
4239,30
4240,30
4241,30
4242,30
4243,30
4244,30
4245,30
4246,30
4247,30
4248,30
4249,30
4250,30
4251,30
4252,30
4253,30
4254,30
4255,30
4256,30
4257,30
4258,30
4259,30
4260,30
4261,30
4262,30
4263,30
4264,30
4265,30
4266,30
4267,30
4268,30
4269,30
4270,30
4271,30
4272,30
4273,30
4274,30
4275,30
4276,30
4277,30
4278,30
4279,30
4280,30
4281,30
4282,30
4283,30
4284,30
4285,30
4286,30
4287,30
4288,30
4289,30
4290,30
4291,30
4292,30
4293,30
4294,30
4295,30
4296,30
4297,30
4298,30
4299,30
4300,30
4301,30
4302,30
4303,30
4304,30
4305,30
4306,30
4307,30
4308,30
4309,30
4310,30
4311,30
4312,30
4313,30
4314,30
4315,30
4316,30
4317,30
4318,30
4319,30
4320,30
4321,30
4322,30
4323,30
4324,30
4325,30
4326,30
4327,30
4328,30
4329,30
4330,30
4331,30
4332,30
4333,30
4334,30
4335,30
4336,30
4337,30
4338,30
4339,30
4340,30
4341,30
4342,30
4343,30
4344,30
4345,30
4346,30
4347,30
4348,30
4349,30
4350,30
4351,30
4352,30
4353,30
4354,30
4355,30
4356,30
4357,30
4358,30
4359,30
4360,30
4361,30
4362,30
4363,30
4364,30
4365,30
4366,30
4367,30
4368,30
4369,30
4370,30
4371,30
4372,30
4373,30
4374,30
4375,30
4376,30
4377,30
4378,30
4379,30
4380,30
4381,30
4382,30
4383,30
4384,30
4385,30
4386,30
4387,30
4388,30
4389,30
4390,30
4391,30
4392,30
4393,30
4394,30
4395,30
4396,30
4397,30
4398,30
4399,30
4400,30
4401,30
4402,30
4403,30
4404,30
4405,30
4406,30
4407,30
4408,30
4409,30
4410,30
4411,30
4412,30
4413,30
4414,30
4415,30
4416,30
4417,30
4418,30
4419,30
4420,30
4421,30
4422,30
4423,30
4424,30
4425,30
4426,30
4427,30
4428,30
4429,30
4430,30
4431,30
4432,30
4433,30
4434,30
4435,30
4436,30
4437,30
4438,30
4439,30
4440,30
4441,30
4442,30
4443,30
4444,30
4445,30
4446,30
4447,30
4448,30
4449,30
4450,30
4451,30
4452,30
4453,30
4454,30
4455,30
4456,30
4457,30
4458,30
4459,30
4460,30
4461,30
4462,30
4463,30
4464,30
4465,30
4466,30
4467,30
4468,30
4469,30
4470,30
4471,30
4472,30
4473,30
4474,30
4475,30
4476,30
4477,30
4478,30
4479,30
4480,30
4481,30
4482,30
4483,30
4484,30
4485,30
4486,30
4487,30
4488,30
4489,30
4490,30
4491,30
4492,30
4493,30
4494,30
4495,30
4496,30
4497,30
4498,30
4499,30
4500,30
4501,30
4502,30
4503,30
4504,30
4505,30
4506,30
4507,30
4508,30
4509,30
4510,30
4511,30
4512,30
4513,30
4514,30
4515,30
4516,30
4517,30
4518,30
4519,30
4520,30
4521,30
4522,30
4523,30
4524,30
4525,30
4526,30
4527,30
4528,30
4529,30
4530,30
4531,30
4532,30
4533,30
4534,30
4535,30
4536,30
4537,30
4538,30
4539,30
4540,30
4541,30
4542,30
4543,30
4544,30
4545,30
4546,30
4547,30
4548,30
4549,30
4550,30
4551,30
4552,30
4553,30
4554,30
4555,30
4556,30
4557,30
4558,30
4559,30
4560,30
4561,30
4562,30
4563,30
4564,30
4565,30
4566,30
4567,30
4568,30
4569,30
4570,30
4571,30
4572,30
4573,30
4574,30
4575,30
4576,30
4577,30
4578,30
4579,30
4580,30
4581,30
4582,30
4583,30
4584,30
4585,30
4586,30
4587,30
4588,30
4589,30
4590,30
4591,30
4592,30
4593,30
4594,30
4595,30
4596,30
4597,30
4598,30
4599,30
4600,30
4601,30
4602,30
4603,30
4604,30
4605,30
4606,30
4607,30
4608,30
4609,30
4610,30
4611,30
4612,30
4613,30
4614,30
4615,30
4616,30
4617,30
4618,30
4619,30
4620,30
4621,30
4622,30
4623,30
4624,30
4625,30
4626,30
4627,30
4628,30
4629,30
4630,30
4631,30
4632,30
4633,30
4634,30
4635,30
4636,30
4637,30
4638,30
4639,30
4640,30
4641,30
4642,30
4643,30
4644,30
4645,30
4646,30
4647,30
4648,30
4649,30
4650,30
4651,30
4652,30
4653,30
4654,30
4655,30
4656,30
4657,30
4658,30
4659,30
4660,30
4661,30
4662,30
4663,30
4664,30
4665,30
4666,30
4667,30
4668,30
4669,30
4670,30
4671,30
4672,30
4673,30
4674,30
4675,30
4676,30
4677,30
4678,30
4679,30
4680,30
4681,30
4682,30
4683,30
4684,30
4685,30
4686,30
4687,30
4688,30
4689,30
4690,30
4691,30
4692,30
4693,30
4694,30
4695,30
4696,30
4697,30
4698,30
4699,30
4700,30
4701,30
4702,30
4703,30
4704,30
4705,30
4706,30
4707,30
4708,30
4709,30
4710,30
4711,30
4712,30
4713,30
4714,30
4715,30
4716,30
4717,30
4718,30
4719,30
4720,30
4721,30
4722,30
4723,30
4724,30
4725,30
4726,30
4727,30
4728,30
4729,30
4730,30
4731,30
4732,30
4733,30
4734,30
4735,30
4736,30
4737,30
4738,30
4739,30
4740,30
4741,30
4742,30
4743,30
4744,30
4745,30
4746,30
4747,30
4748,30
4749,30
4750,30
4751,30
4752,30
4753,30
4754,30
4755,30
4756,30
4757,30
4758,30
4759,30
4760,30
4761,30
4762,30
4763,30
4764,30
4765,30
4766,30
4767,30
4768,30
4769,30
4770,30
4771,30
4772,30
4773,30
4774,30
4775,30
4776,30
4777,30
4778,30
4779,30
4780,30
4781,30
4782,30
4783,30
4784,30
4785,30
4786,30
4787,30
4788,30
4789,30
4790,30
4791,30
4792,30
4793,30
4794,30
4795,30
4796,30
4797,30
4798,30
4799,30
4800,70
4801,70
4802,70
4803,70
4804,70
4805,70
4806,70
4807,70
4808,70
4809,70
4810,70
4811,70
4812,70
4813,70
4814,70
4815,70
4816,70
4817,70
4818,70
4819,70
4820,70
4821,70
4822,70
4823,70
4824,70
4825,70
4826,70
4827,70
4828,70
4829,70
4830,70
4831,70
4832,70
4833,70
4834,70
4835,70
4836,70
4837,70
4838,70
4839,70
4840,70
4841,70
4842,70
4843,70
4844,70
4845,70
4846,70
4847,70
4848,70
4849,70
4850,70
4851,70
4852,70
4853,70
4854,70
4855,70
4856,70
4857,70
4858,70
4859,70
4860,70
4861,70
4862,70
4863,70
4864,70
4865,70
4866,70
4867,70
4868,70
4869,70
4870,70
4871,70
4872,70
4873,70
4874,70
4875,70
4876,70
4877,70
4878,70
4879,70
4880,70
4881,70
4882,70
4883,70
4884,70
4885,70
4886,70
4887,70
4888,70
4889,70
4890,70
4891,70
4892,70
4893,70
4894,70
4895,70
4896,70
4897,70
4898,70
4899,70
4900,70
4901,70
4902,70
4903,70
4904,70
4905,70
4906,70
4907,70
4908,70
4909,70
4910,70
4911,70
4912,70
4913,70
4914,70
4915,70
4916,70
4917,70
4918,70
4919,70
4920,70
4921,70
4922,70
4923,70
4924,70
4925,70
4926,70
4927,70
4928,70
4929,70
4930,70
4931,70
4932,70
4933,70
4934,70
4935,70
4936,70
4937,70
4938,70
4939,70
4940,70
4941,70
4942,70
4943,70
4944,70
4945,70
4946,70
4947,70
4948,70
4949,70
4950,70
4951,70
4952,70
4953,70
4954,70
4955,70
4956,70
4957,70
4958,70
4959,70
4960,70
4961,70
4962,70
4963,70
4964,70
4965,70
4966,70
4967,70
4968,70
4969,70
4970,70
4971,70
4972,70
4973,70
4974,70
4975,70
4976,70
4977,70
4978,70
4979,70
4980,70
4981,70
4982,70
4983,70
4984,70
4985,70
4986,70
4987,70
4988,70
4989,70
4990,70
4991,70
4992,70
4993,70
4994,70
4995,70
4996,70
4997,70
4998,70
4999,70
5000,70
5001,70
5002,70
5003,70
5004,70
5005,70
5006,70
5007,70
5008,70
5009,70
5010,70
5011,70
5012,70
5013,70
5014,70
5015,70
5016,70
5017,70
5018,70
5019,70
5020,70
5021,70
5022,70
5023,70
5024,70
5025,70
5026,70
5027,70
5028,70
5029,70
5030,70
5031,70
5032,70
5033,70
5034,70
5035,70
5036,70
5037,70
5038,70
5039,70
5040,70
5041,70
5042,70
5043,70
5044,70
5045,70
5046,70
5047,70
5048,70
5049,70
5050,70
5051,70
5052,70
5053,70
5054,70
5055,70
5056,70
5057,70
5058,70
5059,70
5060,70
5061,70
5062,70
5063,70
5064,70
5065,70
5066,70
5067,70
5068,70
5069,70
5070,70
5071,70
5072,70
5073,70
5074,70
5075,70
5076,70
5077,70
5078,70
5079,70
5080,70
5081,70
5082,70
5083,70
5084,70
5085,70
5086,70
5087,70
5088,70
5089,70
5090,70
5091,70
5092,70
5093,70
5094,70
5095,70
5096,70
5097,70
5098,70
5099,70
5100,70
5101,70
5102,70
5103,70
5104,70
5105,70
5106,70
5107,70
5108,70
5109,70
5110,70
5111,70
5112,70
5113,70
5114,70
5115,70
5116,70
5117,70
5118,70
5119,70
5120,70
5121,70
5122,70
5123,70
5124,70
5125,70
5126,70
5127,70
5128,70
5129,70
5130,70
5131,70
5132,70
5133,70
5134,70
5135,70
5136,70
5137,70
5138,70
5139,70
5140,70
5141,70
5142,70
5143,70
5144,70
5145,70
5146,70
5147,70
5148,70
5149,70
5150,70
5151,70
5152,70
5153,70
5154,70
5155,70
5156,70
5157,70
5158,70
5159,70
5160,70
5161,70
5162,70
5163,70
5164,70
5165,70
5166,70
5167,70
5168,70
5169,70
5170,70
5171,70
5172,70
5173,70
5174,70
5175,70
5176,70
5177,70
5178,70
5179,70
5180,70
5181,70
5182,70
5183,70
5184,70
5185,70
5186,70
5187,70
5188,70
5189,70
5190,70
5191,70
5192,70
5193,70
5194,70
5195,70
5196,70
5197,70
5198,70
5199,70
5200,70
5201,70
5202,70
5203,70
5204,70
5205,70
5206,70
5207,70
5208,70
5209,70
5210,70
5211,70
5212,70
5213,70
5214,70
5215,70
5216,70
5217,70
5218,70
5219,70
5220,70
5221,70
5222,70
5223,70
5224,70
5225,70
5226,70
5227,70
5228,70
5229,70
5230,70
5231,70
5232,70
5233,70
5234,70
5235,70
5236,70
5237,70
5238,70
5239,70
5240,70
5241,70
5242,70
5243,70
5244,70
5245,70
5246,70
5247,70
5248,70
5249,70
5250,70
5251,70
5252,70
5253,70
5254,70
5255,70
5256,70
5257,70
5258,70
5259,70
5260,70
5261,70
5262,70
5263,70
5264,70
5265,70
5266,70
5267,70
5268,70
5269,70
5270,70
5271,70
5272,70
5273,70
5274,70
5275,70
5276,70
5277,70
5278,70
5279,70
5280,70
5281,70
5282,70
5283,70
5284,70
5285,70
5286,70
5287,70
5288,70
5289,70
5290,70
5291,70
5292,70
5293,70
5294,70
5295,70
5296,70
5297,70
5298,70
5299,70
5300,70
5301,70
5302,70
5303,70
5304,70
5305,70
5306,70
5307,70
5308,70
5309,70
5310,70
5311,70
5312,70
5313,70
5314,70
5315,70
5316,70
5317,70
5318,70
5319,70
5320,70
5321,70
5322,70
5323,70
5324,70
5325,70
5326,70
5327,70
5328,70
5329,70
5330,70
5331,70
5332,70
5333,70
5334,70
5335,70
5336,70
5337,70
5338,70
5339,70
5340,70
5341,70
5342,70
5343,70
5344,70
5345,70
5346,70
5347,70
5348,70
5349,70
5350,70
5351,70
5352,70
5353,70
5354,70
5355,70
5356,70
5357,70
5358,70
5359,70
5360,70
5361,70
5362,70
5363,70
5364,70
5365,70
5366,70
5367,70
5368,70
5369,70
5370,70
5371,70
5372,70
5373,70
5374,70
5375,70
5376,70
5377,70
5378,70
5379,70
5380,70
5381,70
5382,70
5383,70
5384,70
5385,70
5386,70
5387,70
5388,70
5389,70
5390,70
5391,70
5392,70
5393,70
5394,70
5395,70
5396,70
5397,70
5398,70
5399,70
5400,70
5401,70
5402,70
5403,70
5404,70
5405,70
5406,70
5407,70
5408,70
5409,70
5410,70
5411,70
5412,70
5413,70
5414,70
5415,70
5416,70
5417,70
5418,70
5419,70
5420,70
5421,70
5422,70
5423,70
5424,70
5425,70
5426,70
5427,70
5428,70
5429,70
5430,70
5431,70
5432,70
5433,70
5434,70
5435,70
5436,70
5437,70
5438,70
5439,70
5440,70
5441,70
5442,70
5443,70
5444,70
5445,70
5446,70
5447,70
5448,70
5449,70
5450,70
5451,70
5452,70
5453,70
5454,70
5455,70
5456,70
5457,70
5458,70
5459,70
5460,70
5461,70
5462,70
5463,70
5464,70
5465,70
5466,70
5467,70
5468,70
5469,70
5470,70
5471,70
5472,70
5473,70
5474,70
5475,70
5476,70
5477,70
5478,70
5479,70
5480,70
5481,70
5482,70
5483,70
5484,70
5485,70
5486,70
5487,70
5488,70
5489,70
5490,70
5491,70
5492,70
5493,70
5494,70
5495,70
5496,70
5497,70
5498,70
5499,70
5500,70
5501,70
5502,70
5503,70
5504,70
5505,70
5506,70
5507,70
5508,70
5509,70
5510,70
5511,70
5512,70
5513,70
5514,70
5515,70
5516,70
5517,70
5518,70
5519,70
5520,70
5521,70
5522,70
5523,70
5524,70
5525,70
5526,70
5527,70
5528,70
5529,70
5530,70
5531,70
5532,70
5533,70
5534,70
5535,70
5536,70
5537,70
5538,70
5539,70
5540,70
5541,70
5542,70
5543,70
5544,70
5545,70
5546,70
5547,70
5548,70
5549,70
5550,70
5551,70
5552,70
5553,70
5554,70
5555,70
5556,70
5557,70
5558,70
5559,70
5560,70
5561,70
5562,70
5563,70
5564,70
5565,70
5566,70
5567,70
5568,70
5569,70
5570,70
5571,70
5572,70
5573,70
5574,70
5575,70
5576,70
5577,70
5578,70
5579,70
5580,70
5581,70
5582,70
5583,70
5584,70
5585,70
5586,70
5587,70
5588,70
5589,70
5590,70
5591,70
5592,70
5593,70
5594,70
5595,70
5596,70
5597,70
5598,70
5599,70
5600,70
5601,70
5602,70
5603,70
5604,70
5605,70
5606,70
5607,70
5608,70
5609,70
5610,70
5611,70
5612,70
5613,70
5614,70
5615,70
5616,70
5617,70
5618,70
5619,70
5620,70
5621,70
5622,70
5623,70
5624,70
5625,70
5626,70
5627,70
5628,70
5629,70
5630,70
5631,70
5632,70
5633,70
5634,70
5635,70
5636,70
5637,70
5638,70
5639,70
5640,70
5641,70
5642,70
5643,70
5644,70
5645,70
5646,70
5647,70
5648,70
5649,70
5650,70
5651,70
5652,70
5653,70
5654,70
5655,70
5656,70
5657,70
5658,70
5659,70
5660,70
5661,70
5662,70
5663,70
5664,70
5665,70
5666,70
5667,70
5668,70
5669,70
5670,70
5671,70
5672,70
5673,70
5674,70
5675,70
5676,70
5677,70
5678,70
5679,70
5680,70
5681,70
5682,70
5683,70
5684,70
5685,70
5686,70
5687,70
5688,70
5689,70
5690,70
5691,70
5692,70
5693,70
5694,70
5695,70
5696,70
5697,70
5698,70
5699,70
5700,70
5701,70
5702,70
5703,70
5704,70
5705,70
5706,70
5707,70
5708,70
5709,70
5710,70
5711,70
5712,70
5713,70
5714,70
5715,70
5716,70
5717,70
5718,70
5719,70
5720,70
5721,70
5722,70
5723,70
5724,70
5725,70
5726,70
5727,70
5728,70
5729,70
5730,70
5731,70
5732,70
5733,70
5734,70
5735,70
5736,70
5737,70
5738,70
5739,70
5740,70
5741,70
5742,70
5743,70
5744,70
5745,70
5746,70
5747,70
5748,70
5749,70
5750,70
5751,70
5752,70
5753,70
5754,70
5755,70
5756,70
5757,70
5758,70
5759,70
5760,70
5761,70
5762,70
5763,70
5764,70
5765,70
5766,70
5767,70
5768,70
5769,70
5770,70
5771,70
5772,70
5773,70
5774,70
5775,70
5776,70
5777,70
5778,70
5779,70
5780,70
5781,70
5782,70
5783,70
5784,70
5785,70
5786,70
5787,70
5788,70
5789,70
5790,70
5791,70
5792,70
5793,70
5794,70
5795,70
5796,70
5797,70
5798,70
5799,70
5800,70
5801,70
5802,70
5803,70
5804,70
5805,70
5806,70
5807,70
5808,70
5809,70
5810,70
5811,70
5812,70
5813,70
5814,70
5815,70
5816,70
5817,70
5818,70
5819,70
5820,70
5821,70
5822,70
5823,70
5824,70
5825,70
5826,70
5827,70
5828,70
5829,70
5830,70
5831,70
5832,70
5833,70
5834,70
5835,70
5836,70
5837,70
5838,70
5839,70
5840,70
5841,70
5842,70
5843,70
5844,70
5845,70
5846,70
5847,70
5848,70
5849,70
5850,70
5851,70
5852,70
5853,70
5854,70
5855,70
5856,70
5857,70
5858,70
5859,70
5860,70
5861,70
5862,70
5863,70
5864,70
5865,70
5866,70
5867,70
5868,70
5869,70
5870,70
5871,70
5872,70
5873,70
5874,70
5875,70
5876,70
5877,70
5878,70
5879,70
5880,70
5881,70
5882,70
5883,70
5884,70
5885,70
5886,70
5887,70
5888,70
5889,70
5890,70
5891,70
5892,70
5893,70
5894,70
5895,70
5896,70
5897,70
5898,70
5899,70
5900,70
5901,70
5902,70
5903,70
5904,70
5905,70
5906,70
5907,70
5908,70
5909,70
5910,70
5911,70
5912,70
5913,70
5914,70
5915,70
5916,70
5917,70
5918,70
5919,70
5920,70
5921,70
5922,70
5923,70
5924,70
5925,70
5926,70
5927,70
5928,70
5929,70
5930,70
5931,70
5932,70
5933,70
5934,70
5935,70
5936,70
5937,70
5938,70
5939,70
5940,70
5941,70
5942,70
5943,70
5944,70
5945,70
5946,70
5947,70
5948,70
5949,70
5950,70
5951,70
5952,70
5953,70
5954,70
5955,70
5956,70
5957,70
5958,70
5959,70
5960,70
5961,70
5962,70
5963,70
5964,70
5965,70
5966,70
5967,70
5968,70
5969,70
5970,70
5971,70
5972,70
5973,70
5974,70
5975,70
5976,70
5977,70
5978,70
5979,70
5980,70
5981,70
5982,70
5983,70
5984,70
5985,70
5986,70
5987,70
5988,70
5989,70
5990,70
5991,70
5992,70
5993,70
5994,70
5995,70
5996,70
5997,70
5998,70
5999,70
